Customer_ID,Loan_ID,Target,sample,Age,Income_INR,Employment_Years,Marital_Status,Education_Level,Credit_History_Length,Savings_Account_Balance,Loan_Type,Loan_Amount,Loan_Tenure_Months,Interest_Rate_Pct,EMI_Amount,Pay_History,Delinquency_12M,Credit_Card_Utilization,Behavior_Spending_Score,Behavior_Repayment_Score,No_of_Open_Accounts,Total_Credit_Limit,Total_Current_Balance,Credit_Utilization_Ratio,No_of_Inquiries_6M,DPD_30,DPD_60,DPD_90,Worst_Current_Status,Oldest_Trade_Open_Months,Outstanding_Loans,Avg_Balance_6M,Bounce_Count_6M,Transaction_Count_3M,Max_DPD_12M,Missed_Payment_Count
204,LOAN00204,0,train,55,2019629.0,8,Single,Postgraduate,14,582650.0,Personal Loan,243502.0,36,13.05,8210.0,Good,3,0.97,27.0,52.0,4,2545277.0,976656.0,0.82,1,0,0,0,0,95.0,7,538613.0,2,52.0,90,3
55,LOAN00055,1,train,61,2223583.0,9,Single,Postgraduate,4,262617.0,Personal Loan,1668449.0,36,16.16,58789.0,Good,0,0.2,32.0,92.0,3,2131774.0,950792.0,0.26,3,1,1,0,0,124.0,1,233171.0,2,95.0,90,0
301,LOAN00301,0,train,25,613322.0,20,Married,Graduate,5,681099.0,Business Loan,837871.0,12,10.1,73701.0,Good,3,0.02,71.0,79.0,2,1146881.0,25416.1,0.18,2,1,0,0,0,192.0,8,700211.0,2,134.0,30,3
366,LOAN00366,1,train,38,1329945.0,25,Married,Graduate,15,741774.0,Education Loan,763260.0,72,19.22,17938.0,Good,0,0.76,9.0,27.0,8,738147.0,107793.0,0.74,3,1,0,0,0,109.0,5,756085.0,2,22.0,60,0
27,LOAN00027,0,train,57,1292563.0,17,Married,High School,10,878768.0,Home Loan,1213104.0,48,11.9,31886.0,Good,1,0.49,8.0,3.0,4,1347741.0,1385630.0,0.1,0,0,0,0,0,27.0,0,937832.0,3,32.0,60,1
243,LOAN00243,0,train,27,2157552.0,6,Divorced,High School,7,712274.0,Home Loan,754882.0,60,15.54,18173.0,Poor,3,0.97,70.0,15.0,7,195466.0,1735903.0,0.64,0,0,0,0,1,17.0,6,743492.0,1,106.0,30,2
480,LOAN00480,1,train,52,679468.0,12,Single,PhD,16,326305.0,Business Loan,450667.0,36,10.18,14579.0,Average,0,0.96,10.0,47.0,4,2004040.0,1928072.0,0.96,3,0,0,0,0,117.0,0,426032.0,4,50.0,60,0
83,LOAN00083,0,train,48,648571.0,9,Married,High School,14,168650.0,Home Loan,1000966.0,36,12.68,33572.0,Poor,4,0.54,85.0,18.0,7,740187.0,1589566.0,0.99,0,0,0,0,1,121.0,0,142610.0,2,89.0,0,3
51,LOAN00051,1,train,56,1412707.0,15,Divorced,Postgraduate,11,295057.0,Personal Loan,1053015.0,36,7.0,32514.0,Good,4,0.1,92.0,39.0,8,520900.0,80568.0,0.46,1,0,0,0,3,59.0,5,323990.0,7,47.0,90,3
215,LOAN00215,0,train,46,224807.9,23,Single,Graduate,1,269212.0,Home Loan,714025.0,24,11.87,33568.0,Average,4,0.09,21.0,92.0,1,1760469.0,1894844.0,0.12,1,0,0,0,0,149.0,7,248260.0,2,167.0,90,4
400,LOAN00400,0,train,39,1539858.0,2,Married,Graduate,19,839861.0,Home Loan,1213967.0,60,11.04,26418.0,Poor,0,0.37,89.0,38.0,9,2834370.0,2175378.0,0.4,1,0,0,0,0,164.0,8,933324.0,1,29.0,60,0
128,LOAN00128,1,train,31,1793314.0,2,Divorced,PhD,4,947259.0,Home Loan,77020.33,60,14.8,1801.7,Good,1,0.38,26.0,6.0,7,1286385.0,2313143.0,0.74,3,0,0,0,0,33.0,0,1006740.0,2,110.0,90,1
109,LOAN00109,1,train,34,1868952.0,23,Married,High School,17,204908.0,Home Loan,957576.0,36,10.09,30938.0,Average,0,0.67,38.0,45.0,5,1111677.0,209511.0,0.68,0,1,0,0,1,34.0,0,302883.0,2,23.0,90,0
80,LOAN00080,0,train,62,819981.0,17,Married,PhD,6,359095.0,Personal Loan,1668313.0,12,15.1,150657.0,Good,0,0.2,27.0,69.0,11,1905461.0,1862434.0,0.67,1,1,1,1,0,107.0,8,323062.0,1,81.0,90,0
440,LOAN00440,0,train,63,713280.0,26,Married,PhD,2,438779.0,Auto Loan,77425.0,36,14.15,2651.0,Good,1,0.24,90.0,6.0,3,2418654.0,1119567.0,0.02,0,1,0,0,0,148.0,2,476036.0,0,138.0,15,0
287,LOAN00287,1,train,60,2444747.0,10,Married,PhD,7,985743.0,Auto Loan,1061321.0,12,10.94,93771.0,Poor,1,0.87,52.0,68.0,11,2033588.0,1583402.0,0.52,4,0,0,0,1,140.0,4,944911.0,4,42.0,60,0
115,LOAN00115,0,train,31,1679645.0,14,Married,Graduate,2,964630.0,Home Loan,139947.0,12,13.37,12523.0,Average,3,0.77,37.0,23.0,11,2360036.0,1374561.0,0.69,0,0,0,0,2,68.0,9,966965.0,3,119.0,90,3
380,LOAN00380,0,train,35,948538.0,9,Married,High School,17,471866.0,Auto Loan,1722506.0,24,14.23,82889.0,Good,2,0.79,17.0,56.0,10,2077277.0,317356.0,0.4,3,0,0,0,0,162.0,9,487777.0,1,115.0,60,1
348,LOAN00348,0,train,25,1590191.0,1,Single,High School,7,798147.0,Home Loan,1733321.0,48,17.13,50131.0,Good,2,0.62,63.0,37.0,8,1968935.0,2357619.0,0.13,1,0,0,0,1,178.0,6,845391.0,3,90.0,0,1
47,LOAN00047,0,train,54,1618673.0,18,Single,Graduate,9,90880.0,Education Loan,84924.0,24,12.48,4016.0,Good,2,0.94,51.0,14.0,3,1411499.0,912604.0,0.54,4,0,0,0,1,225.0,8,65087.0,3,155.0,15,1
23,LOAN00023,1,train,60,1236692.0,23,Divorced,High School,13,664019.0,Auto Loan,162649.0,36,13.4,5511.0,Poor,0,0.89,19.0,70.0,9,2911299.0,1490525.0,0.96,2,1,0,0,0,135.0,3,708934.0,7,123.0,60,0
239,LOAN00239,0,train,55,2148343.0,0,Married,Graduate,7,355155.0,Business Loan,77020.33,24,12.23,3377.0,Good,1,0.51,69.0,99.20999999999998,1,1698940.0,2213329.0,0.61,3,2,2,2,0,46.0,6,349950.0,3,53.0,90,0
113,LOAN00113,0,train,47,1670301.0,1,Married,Postgraduate,13,575302.0,Home Loan,1984707.9,24,12.75,94611.0,Average,4,0.16,13.0,73.0,9,1219218.0,2189144.0,0.59,3,2,1,0,1,166.0,6,640671.0,1,58.0,30,4
307,LOAN00307,0,train,60,1076194.0,14,Single,Postgraduate,3,797645.0,Auto Loan,604753.0,36,15.82,21207.0,Poor,4,0.25,74.0,7.0,6,1076924.0,1175485.0,0.53,2,1,1,1,1,174.0,7,848468.0,1,69.0,90,4
371,LOAN00371,0,train,21,1582871.0,11,Married,Graduate,8,465049.0,Personal Loan,663597.0,72,19.423599999999997,16018.0,Good,4,0.4,61.0,62.0,2,2573214.0,861915.0,0.93,1,0,0,0,1,229.0,4,538942.0,3,53.0,90,3
10,LOAN00010,1,train,44,2348745.0,18,Divorced,Postgraduate,13,246046.0,Education Loan,1935893.0,36,7.0,59774.0,Good,1,0.71,69.0,98.0,9,2596941.0,1174673.0,0.81,1,0,0,0,1,181.0,2,338899.0,2,147.0,60,1
194,LOAN00194,0,train,33,771081.0,0,Married,PhD,6,911348.0,Business Loan,1503710.0,48,9.33,37655.0,Poor,0,0.48,92.0,72.0,7,961394.0,2287642.0,0.41,0,2,1,0,0,228.0,3,986466.0,3,21.0,60,0
158,LOAN00158,1,train,39,1517741.0,5,Married,Graduate,18,964205.0,Personal Loan,1894578.0,12,8.51,165253.0,Good,0,0.25,10.0,68.0,7,1244606.0,1106178.0,0.97,2,1,1,1,0,169.0,7,995670.0,7,162.0,90,0
370,LOAN00370,1,train,43,1495819.0,12,Divorced,PhD,16,605031.0,Personal Loan,413346.0,72,15.72,8902.0,Poor,0,0.45,63.0,19.0,3,2571358.0,170967.0,0.66,4,0,0,0,1,30.0,7,639433.0,4,163.0,15,0
16,LOAN00016,0,train,44,515452.0,28,Married,Postgraduate,14,710535.0,Home Loan,1048051.0,72,9.27,19032.0,Good,0,0.21,24.0,71.0,11,2638696.0,200579.0,0.28,3,2,1,0,0,19.0,0,684179.0,2,169.0,90,0
403,LOAN00403,1,train,32,2096944.0,13,Married,Postgraduate,8,416691.0,Home Loan,1461010.0,36,8.77,46303.0,Good,0,0.81,20.0,46.0,5,399224.0,1399972.0,0.51,0,1,1,0,3,142.0,3,515447.0,3,15.0,30,0
112,LOAN00112,0,train,52,380885.0,16,Divorced,Graduate,9,432537.0,Home Loan,177137.0,48,13.05,4756.0,Good,1,0.92,34.0,54.0,11,304048.0,463935.0,0.08,4,1,0,0,1,62.0,3,514006.0,1,157.0,90,1
118,LOAN00118,0,train,39,1788762.0,6,Married,High School,17,553205.0,Home Loan,1413649.0,36,7.0,43649.0,Average,2,0.34,71.0,51.0,8,1428296.0,1666861.0,0.2,4,0,0,0,3,107.0,2,504456.0,3,132.0,90,1
175,LOAN00175,1,train,35,1626274.0,28,Married,Graduate,12,529133.0,Education Loan,1200460.0,12,10.69,105925.0,Good,5,0.36,100.0,59.0,1,1225982.0,420780.0,0.4,3,1,1,1,0,54.0,3,625717.0,3,116.0,60,4
357,LOAN00357,0,train,53,2138504.0,3,Divorced,PhD,18,600658.0,Personal Loan,1297449.0,36,17.72,46723.0,Good,3,0.97,91.0,44.0,2,112154.99,294370.0,0.37,4,2,1,0,0,67.0,3,650433.0,0,148.0,30,2
416,LOAN00416,1,train,31,769893.0,27,Single,Postgraduate,7,568205.0,Auto Loan,1143210.0,24,13.49,54613.0,Poor,0,0.28,93.0,8.0,7,2567980.0,253714.0,0.95,0,1,1,0,0,83.0,7,612636.0,2,27.0,90,0
308,LOAN00308,0,train,50,1062383.0,4,Single,High School,7,597724.0,Personal Loan,1145049.0,48,16.01,32456.0,Average,4,0.47,15.0,78.0,1,2668556.0,2456259.1499999994,0.98,3,0,0,0,0,211.0,4,548412.0,0,10.0,90,4
11,LOAN00011,1,train,56,391629.0,20,Divorced,Graduate,13,570328.0,Personal Loan,661053.0,60,7.0,13089.0,Average,0,0.0,98.0,57.0,11,2591963.0,1692520.0,0.26,4,2,2,1,2,115.0,7,662966.0,2,90.0,90,0
216,LOAN00216,1,train,25,1689629.0,20,Single,High School,8,346940.0,Auto Loan,77020.33,12,8.1,6570.0,Poor,0,0.62,59.0,36.0,4,2449723.0,1962888.0,0.29,1,2,2,2,0,212.0,5,443615.0,3,141.0,90,0
177,LOAN00177,1,train,26,224807.9,27,Divorced,Graduate,1,71341.0,Education Loan,1284698.0,24,12.73,60914.0,Good,1,0.02,2.0,87.0,7,112154.99,2389926.0,0.9,4,1,0,0,2,126.0,2,35744.25,2,175.83999999999992,15,0
121,LOAN00121,0,train,23,1876706.0,4,Divorced,PhD,11,276323.0,Education Loan,249431.0,24,12.92,11849.0,Good,0,0.58,86.0,78.0,7,2920780.0,1290052.0,0.68,0,2,1,1,0,224.0,9,296990.0,0,69.0,60,0
294,LOAN00294,0,train,43,2254949.0,27,Divorced,Graduate,10,896402.0,Business Loan,1265945.0,24,11.35,59208.0,Good,1,0.15,39.0,58.0,5,1746525.0,1409172.0,0.9,1,0,0,0,1,160.0,5,860028.0,0,143.0,90,0
198,LOAN00198,0,train,58,395283.0,0,Single,PhD,8,820001.0,Education Loan,1319904.0,24,11.44,61787.0,Poor,2,0.28,17.0,91.0,10,2495559.0,351244.0,0.58,0,0,0,0,0,164.0,0,840268.0,3,31.0,15,1
277,LOAN00277,0,train,52,1277962.0,21,Married,Graduate,14,905559.0,Auto Loan,808014.0,60,11.74,17867.0,Poor,0,0.08,37.0,28.0,6,1144289.0,825849.0,0.48,2,0,0,0,1,84.0,4,925431.0,1,80.0,30,0
173,LOAN00173,1,train,54,1888085.0,24,Married,High School,16,234231.0,Personal Loan,695295.0,36,10.38,22559.0,Poor,5,0.96,98.0,26.0,10,2581804.0,310373.0,0.41,0,0,0,0,2,159.0,3,267388.0,7,93.0,0,5
362,LOAN00362,0,train,63,1848653.0,15,Married,High School,1,330756.0,Education Loan,775152.0,36,7.57,24136.0,Good,0,0.41,67.0,99.0,6,2743759.0,303625.0,0.09,1,0,0,0,2,221.0,3,397974.0,1,98.0,90,0
132,LOAN00132,1,train,54,1995324.0,24,Married,High School,6,291269.0,Home Loan,688443.0,60,8.97,14280.0,Good,0,0.11,57.0,13.0,9,1761623.0,846960.0,0.26,0,0,0,0,2,163.0,5,311127.0,4,156.0,90,0
417,LOAN00417,1,train,41,2425981.0,4,Single,Postgraduate,9,843762.0,Business Loan,1122986.0,36,16.12,39547.0,Good,0,0.5,22.0,17.0,4,2231756.0,25416.1,0.58,3,1,1,0,0,122.0,3,893181.0,4,153.0,60,0
291,LOAN00291,0,train,54,476000.0,6,Married,Postgraduate,1,405371.0,Auto Loan,1108368.0,36,12.3,36972.0,Average,0,0.52,18.0,82.0,2,1926646.0,1574862.0,0.92,3,0,0,0,0,101.0,5,409007.0,2,173.0,0,0
386,LOAN00386,1,train,46,295383.0,0,Married,PhD,1,447904.0,Personal Loan,1752820.0,60,13.03,39908.0,Poor,0,0.49,45.0,58.0,3,1500589.0,328014.0,0.49,3,1,0,0,0,69.0,1,500705.0,3,52.0,15,0
361,LOAN00361,0,train,61,875692.0,21,Single,Postgraduate,13,343764.0,Home Loan,694150.0,72,13.84,14244.0,Good,1,0.29,33.0,36.0,3,1316859.0,734055.0,0.02,0,0,0,0,3,211.0,6,431799.0,0,166.0,90,1
167,LOAN00167,0,train,37,656268.0,6,Single,High School,16,200741.0,Personal Loan,82114.0,72,8.96,1801.7,Good,2,0.94,96.0,12.0,9,217170.0,1669047.0,0.74,4,0,0,0,2,136.0,8,247166.0,1,67.0,60,2
119,LOAN00119,0,train,34,505163.0,3,Single,High School,5,394779.0,Business Loan,257515.0,48,11.07,6664.0,Average,1,0.61,64.0,53.0,3,2948358.5799999996,1988337.0,0.42,0,0,0,0,0,14.79,2,470078.0,3,155.0,60,1
134,LOAN00134,0,train,51,1719832.0,0,Single,Graduate,16,941688.0,Home Loan,1191271.0,12,8.27,103775.0,Average,5,0.43,91.0,21.0,4,2467368.0,731960.0,0.31,1,0,0,0,0,183.0,4,1016646.0,2,84.0,60,4
84,LOAN00084,0,train,58,235952.0,2,Single,PhD,7,809693.0,Business Loan,291576.0,24,11.9,13711.0,Poor,0,0.7,41.0,22.0,4,2530777.0,757792.0,0.99,2,0,0,0,0,130.0,6,789146.0,0,13.0,0,0
182,LOAN00182,0,train,21,777741.0,26,Single,Graduate,12,36492.0,Business Loan,1839204.0,72,9.03,33180.0,Average,2,0.07,10.0,81.0,6,1638900.0,839112.0,0.27,0,1,0,0,2,214.0,3,37629.0,1,166.0,15,1
395,LOAN00395,1,train,23,2468529.88,5,Married,High School,17,927407.0,Home Loan,1077904.0,24,16.7,53138.0,Poor,0,0.31,89.0,58.0,4,2841594.0,1674724.0,0.89,4,0,0,0,0,117.0,1,973998.0,6,110.0,15,0
408,LOAN00408,1,train,24,2034256.0,6,Divorced,Postgraduate,17,326453.0,Education Loan,1518028.0,60,13.43,34874.0,Poor,0,0.03,5.0,79.0,11,2809947.0,963736.0,0.64,4,2,1,1,2,189.0,2,347585.0,5,175.83999999999992,60,0
143,LOAN00143,0,train,41,1691551.0,28,Married,PhD,3,260972.0,Education Loan,1696082.0,60,12.69,38322.0,Average,0,0.92,85.0,44.0,1,1200195.0,1589060.0,0.73,0,0,0,0,1,116.0,8,243589.0,2,125.0,15,0
94,LOAN00094,0,train,26,1422193.0,26,Married,Postgraduate,6,891351.0,Business Loan,1689118.0,48,9.84,42710.0,Good,1,0.07,31.0,9.0,9,2887668.0,1799704.0,0.3,2,1,0,0,0,225.0,2,902763.0,0,141.0,60,0
7,LOAN00007,0,train,25,1698040.0,25,Married,Graduate,12,532478.0,Personal Loan,830250.0,36,14.25,28476.0,Good,1,0.95,2.0,46.0,11,1060389.0,1450672.0,0.09,4,0,0,0,1,173.0,9,592867.0,1,134.0,0,0
402,LOAN00402,1,train,41,618634.0,9,Married,Graduate,6,665378.0,Personal Loan,1456146.0,12,11.03,128716.0,Good,5,0.18,15.0,27.0,6,811251.0,598826.0,0.64,1,2,1,1,1,30.0,6,709271.0,3,103.0,90,4
193,LOAN00193,0,train,22,269750.0,23,Married,Graduate,6,898379.0,Business Loan,726986.0,36,12.15,24198.0,Poor,0,0.8,97.0,23.0,2,2370509.0,1022898.0,0.24,3,0,0,0,1,213.0,5,959413.0,3,34.0,90,0
476,LOAN00476,1,train,60,632084.0,13,Married,PhD,18,673914.0,Auto Loan,954925.0,36,8.3,30056.0,Poor,0,0.01,84.0,98.0,5,2933951.0,342096.0,0.14,4,0,0,0,2,190.0,7,726415.0,5,55.0,15,0
214,LOAN00214,0,train,54,2183439.0,29,Single,PhD,3,695790.0,Personal Loan,1596384.0,36,8.65,50504.0,Good,4,0.88,96.0,55.0,4,484032.0,1199187.0,0.9,2,0,0,0,0,210.0,3,653226.0,1,77.0,30,3
285,LOAN00285,1,train,64,687392.0,24,Single,Graduate,16,71437.0,Personal Loan,1492679.0,24,14.14,71766.0,Average,4,0.89,13.0,83.0,8,2117926.0,1885951.0,0.09,2,1,0,0,0,51.0,7,35744.25,7,132.0,90,4
397,LOAN00397,0,train,48,1157867.0,26,Married,PhD,3,209269.0,Home Loan,1830137.0,48,11.69,47916.0,Poor,0,0.94,96.0,33.0,3,2239312.0,1325139.0,0.23,2,0,0,0,0,50.0,6,264837.0,0,76.0,90,0
445,LOAN00445,0,train,41,255213.0,24,Single,Postgraduate,11,657320.0,Education Loan,1555889.0,60,9.05,32335.0,Average,0,0.52,71.0,58.0,3,1584369.0,2456259.1499999994,0.47,4,0,0,0,0,72.0,5,733404.0,1,152.0,30,0
409,LOAN00409,1,train,52,251141.0,24,Married,Postgraduate,13,121354.0,Personal Loan,299229.0,12,10.68,26401.0,Good,4,0.31,41.0,3.0,10,1971485.0,2309710.0,0.71,3,2,1,1,0,98.0,5,170127.0,6,137.0,90,3
209,LOAN00209,1,train,49,379799.0,10,Married,High School,1,365706.0,Personal Loan,765944.0,24,7.0,34293.0,Good,2,0.95,28.0,62.0,3,2130908.0,532209.0,0.62,0,0,0,0,1,219.0,4,413449.0,2,114.0,90,2
288,LOAN00288,0,train,63,1307535.0,27,Married,Graduate,12,577009.0,Business Loan,205301.0,60,13.06,4677.0,Poor,1,0.6,40.0,79.0,8,2317155.0,895133.0,0.71,4,0,0,0,0,134.0,4,595892.0,1,133.0,0,0
99,LOAN00099,0,train,53,318505.0,23,Married,Graduate,15,842885.0,Education Loan,304780.0,12,7.0,26371.0,Average,1,0.25,48.0,95.0,11,1696065.0,1200141.0,0.42,1,0,0,0,0,158.0,4,891736.0,1,31.0,15,1
481,LOAN00481,0,train,31,2267878.0,20,Married,Postgraduate,14,604801.0,Home Loan,1017432.0,24,14.29,48989.0,Good,0,0.89,63.0,98.0,1,2102259.0,1281688.0,0.21,2,1,1,1,2,140.0,4,683620.0,2,172.0,60,0
151,LOAN00151,0,train,22,1432669.0,24,Married,Graduate,12,111400.0,Auto Loan,1453354.0,48,14.69,40219.0,Good,0,0.76,86.0,90.0,11,620159.0,1627265.0,0.24,1,0,0,0,0,131.0,0,105423.0,1,13.0,15,0
369,LOAN00369,1,train,52,1808215.0,18,Single,PhD,1,828522.0,Auto Loan,1116697.0,60,12.59,25174.0,Good,0,0.62,93.0,69.0,5,2325841.0,558185.0,0.77,1,0,0,0,1,210.0,2,818028.0,3,83.0,15,0
329,LOAN00329,0,train,22,622570.0,6,Married,High School,14,909990.0,Business Loan,405315.0,60,14.62,9561.0,Average,0,0.84,6.0,34.0,3,2444720.0,2104053.0,0.8,3,0,0,0,0,86.0,5,927003.0,3,86.0,0,0
496,LOAN00496,0,train,32,1110953.0,1,Married,Graduate,8,905308.0,Personal Loan,1576070.0,60,14.74,37279.0,Average,1,0.01,97.0,67.0,2,2115805.0,545756.0,0.95,0,0,0,0,0,142.0,6,897153.0,3,151.0,60,0
43,LOAN00043,0,train,32,325855.0,25,Married,Graduate,5,161535.0,Auto Loan,283080.0,60,12.15,6318.0,Good,0,0.94,80.0,52.0,8,2270696.0,1771206.0,0.19,3,0,0,0,0,199.0,2,195104.0,2,152.0,0,0
103,LOAN00103,0,train,35,1151305.0,18,Single,Graduate,14,690580.0,Home Loan,195605.0,48,11.34,5087.0,Average,2,0.12,26.0,17.0,10,2413486.0,1211266.0,0.66,2,0,0,0,0,100.0,9,648331.0,1,126.0,15,2
206,LOAN00206,1,train,26,1209351.0,6,Married,Graduate,2,218788.0,Personal Loan,1970438.0,60,7.0,39017.0,Good,0,0.78,12.0,97.0,3,2427604.0,470813.0,0.22,2,0,0,0,0,89.0,3,173767.0,6,44.0,60,0
346,LOAN00346,1,train,57,1733915.0,4,Single,Postgraduate,9,791672.0,Auto Loan,148375.0,12,7.04,12841.0,Average,1,0.71,63.0,79.0,7,1261957.0,1516918.0,0.57,4,0,0,0,1,168.0,9,804061.0,6,71.0,90,0
328,LOAN00328,0,train,52,753512.0,24,Divorced,Postgraduate,19,767445.0,Education Loan,302162.0,24,13.64,14456.0,Good,3,0.8,18.0,15.0,1,692914.0,471528.0,0.66,0,2,1,0,3,138.0,7,783974.0,3,18.0,90,3
324,LOAN00324,1,train,59,1779365.0,19,Married,Graduate,4,812662.0,Home Loan,1004641.0,48,12.1,26505.0,Poor,2,0.91,49.0,80.0,9,2294101.0,2448654.0,0.51,2,0,0,0,0,212.0,2,821607.0,6,62.0,15,2
342,LOAN00342,1,train,36,579076.0,19,Married,High School,17,742943.0,Home Loan,1053575.0,12,14.07,94632.0,Poor,4,0.25,65.0,6.0,3,2669675.0,2332986.0,0.53,3,2,1,1,1,229.0,8,761015.0,5,125.0,90,3
66,LOAN00066,0,train,61,1016059.0,4,Single,Postgraduate,15,839048.0,Personal Loan,1629725.0,12,7.0,141014.0,Good,3,0.59,2.0,52.0,4,2293153.0,1047387.0,0.2,2,2,2,1,0,232.0,3,884577.0,3,96.0,60,2
439,LOAN00439,0,train,56,1224371.0,1,Divorced,Graduate,15,131323.0,Home Loan,1135415.0,72,8.35,20102.0,Poor,0,0.24,35.0,24.0,4,210296.0,1735676.0,0.88,3,0,0,0,2,94.0,2,143318.0,3,172.0,15,0
107,LOAN00107,0,train,48,1531404.0,10,Single,Postgraduate,7,490523.0,Auto Loan,905183.0,36,9.25,28890.0,Average,0,0.46,80.0,75.0,7,890553.0,1988423.0,0.2,1,0,0,0,0,208.0,8,486226.0,0,22.0,15,0
146,LOAN00146,0,train,55,1040229.0,5,Single,High School,12,434957.0,Personal Loan,709984.0,36,13.56,24114.0,Average,3,0.1,100.0,25.0,3,1974433.0,1910864.0,0.18,3,1,0,0,0,128.0,6,490097.0,2,66.0,90,2
319,LOAN00319,1,train,27,280658.0,9,Married,PhD,19,971406.0,Business Loan,1591988.0,36,11.49,52489.0,Poor,2,0.69,93.0,27.0,3,1975235.0,920792.0,0.85,4,2,2,2,2,143.0,2,946375.0,5,112.0,90,1
42,LOAN00042,0,train,32,2462191.0,10,Married,Graduate,1,743699.0,Home Loan,1945196.0,12,7.0,168311.0,Good,0,0.15,49.0,57.0,7,693754.0,497166.0,0.12,3,0,0,0,2,27.0,0,781035.0,2,129.0,0,0
39,LOAN00039,0,train,53,1509127.0,26,Single,Postgraduate,8,665449.0,Education Loan,1517662.0,36,7.0,46860.0,Average,2,0.97,92.0,98.0,6,175345.0,1974302.0,0.84,2,0,0,0,0,68.0,7,733203.0,1,78.0,90,2
124,LOAN00124,0,train,24,2403089.0,11,Single,High School,15,543706.0,Personal Loan,730857.0,24,8.64,33268.0,Good,2,0.49,12.0,72.0,11,407264.0,954285.0,0.04,3,0,0,0,3,140.0,2,500027.0,2,121.0,60,1
253,LOAN00253,0,train,44,1140328.0,6,Married,Postgraduate,10,602640.0,Personal Loan,1031578.0,72,16.13,22450.0,Poor,1,0.52,21.0,67.0,6,1388693.0,1851206.0,0.46,1,1,0,0,0,210.0,8,626438.0,0,99.0,60,1
331,LOAN00331,0,train,36,2132235.0,2,Divorced,Graduate,8,966693.0,Home Loan,1963072.0,24,13.83,94095.0,Average,1,0.3,74.0,69.0,5,122662.0,1307557.0,0.32,1,1,1,0,3,135.0,5,932091.0,3,25.0,90,1
316,LOAN00316,1,train,41,642051.0,8,Divorced,Postgraduate,18,483409.0,Business Loan,204083.0,36,14.83,7057.0,Average,1,0.54,63.0,68.0,3,443574.0,1786430.0,0.61,3,0,0,0,0,49.0,1,571575.0,4,118.0,0,0
97,LOAN00097,0,train,55,1804139.0,19,Single,High School,17,890653.0,Education Loan,1277192.0,36,9.12,40685.0,Good,1,0.68,50.0,28.0,8,2046461.0,1388221.0,0.4,1,0,0,0,0,191.0,7,863642.0,0,171.0,90,1
58,LOAN00058,1,train,44,2329227.0,11,Single,Graduate,14,657587.0,Auto Loan,283132.0,48,13.3,7637.0,Poor,4,0.16,50.0,11.0,8,629242.0,1285011.0,0.3,0,0,0,0,0,159.0,7,702042.0,4,27.0,60,4
446,LOAN00446,0,train,30,595807.0,3,Married,High School,19,804057.0,Education Loan,509582.0,60,10.78,11023.0,Poor,0,0.01,53.0,60.0,11,603896.0,1729237.0,0.19,3,0,0,0,0,71.0,8,792892.0,2,55.0,15,0
334,LOAN00334,1,train,57,1132168.0,10,Married,Graduate,5,687192.0,Home Loan,671014.0,48,14.86,18627.0,Average,0,0.96,28.0,98.0,9,523065.0,1907959.0,0.15,1,0,0,0,2,216.0,2,715712.0,5,10.0,60,0
213,LOAN00213,1,train,56,543100.0,14,Married,High School,13,138327.0,Auto Loan,1291496.0,60,10.16,27542.0,Average,0,0.15,56.0,85.0,2,314857.0,845520.0,0.71,0,0,0,0,0,81.0,0,154591.0,4,18.0,90,0
256,LOAN00256,1,train,63,794799.0,20,Married,Graduate,16,493463.0,Personal Loan,509236.0,24,15.15,24727.0,Poor,0,0.8,47.0,35.0,5,1809057.0,1078969.0,0.09,2,1,0,0,0,64.0,6,588144.0,4,175.0,15,0
246,LOAN00246,0,train,22,2012666.0,28,Married,High School,18,43980.0,Business Loan,1288074.0,24,14.67,62252.0,Average,0,0.42,34.0,26.0,2,1125722.0,235610.0,0.53,1,0,0,0,0,198.0,2,91497.0,1,23.0,15,0
111,LOAN00111,1,train,31,865187.0,29,Married,Graduate,17,715058.0,Auto Loan,1599238.0,72,10.31,29877.0,Average,2,0.95,96.0,86.0,7,1239055.0,2240606.0,0.86,3,0,0,0,0,68.0,3,776243.0,6,74.0,15,2
419,LOAN00419,0,train,60,1159585.0,6,Single,High School,19,341261.0,Business Loan,919062.0,60,13.2,21005.0,Average,0,0.43,51.0,95.0,2,912897.0,838039.0,0.41,2,0,0,0,0,93.0,8,351104.0,2,41.0,90,0
181,LOAN00181,1,train,44,1458472.0,7,Married,Postgraduate,13,478480.0,Auto Loan,1517087.0,36,9.24,48412.0,Average,3,0.95,84.0,5.0,7,1951017.0,1614673.0,0.83,4,0,0,0,0,211.0,6,487694.0,6,139.0,60,3
191,LOAN00191,1,train,21,720818.0,24,Married,Graduate,19,89880.0,Business Loan,1713799.0,60,11.31,37527.0,Average,4,0.03,24.0,20.0,1,2113798.0,551753.0,0.67,2,2,1,0,0,138.0,7,55099.0,5,130.0,60,4
448,LOAN00448,0,train,61,692147.0,28,Single,Graduate,5,596792.0,Personal Loan,1786182.0,36,19.423599999999997,65972.0,Good,2,0.92,100.0,22.0,10,2019243.0,1416205.0,0.09,0,0,0,0,3,58.0,3,625759.0,1,118.0,90,2
305,LOAN00305,0,train,33,225398.0,12,Married,Graduate,3,524173.0,Education Loan,969042.0,36,13.72,32987.0,Good,0,0.37,89.0,77.0,2,1344073.0,982786.0,0.77,4,1,1,1,0,150.0,8,474501.0,1,21.0,60,0
33,LOAN00033,1,train,56,2373097.0,27,Married,Graduate,10,144752.0,Business Loan,626677.0,24,10.37,29025.0,Average,2,0.41,10.0,69.0,11,969994.0,620765.0,0.97,2,2,2,1,3,171.0,8,104042.0,3,15.0,60,1
384,LOAN00384,0,train,63,2061278.0,12,Married,Graduate,10,338164.0,Auto Loan,1004189.0,24,14.53,48465.0,Poor,2,0.95,84.0,45.0,4,1061755.0,1399976.0,0.5,0,2,2,1,0,210.0,8,293707.0,1,92.0,60,2
68,LOAN00068,0,train,56,899609.0,5,Single,Postgraduate,2,564128.0,Auto Loan,443162.0,12,12.94,39569.0,Good,3,0.68,68.0,92.0,10,938733.0,498405.0,0.97,3,0,0,0,1,64.0,9,573422.0,1,10.0,15,2
376,LOAN00376,0,train,37,1979380.0,9,Married,Postgraduate,7,955317.0,Home Loan,1253789.0,36,12.38,41871.0,Average,2,0.69,92.0,8.0,7,2125757.0,2244668.0,0.11,3,0,0,0,2,72.0,6,917385.0,1,172.0,15,1
375,LOAN00375,0,train,40,2419498.0,23,Single,High School,13,940500.0,Home Loan,1026146.0,24,12.14,48371.0,Good,0,0.74,45.0,91.0,4,2848254.0,270303.0,0.43,4,0,0,0,0,43.0,1,905648.0,3,24.0,60,0
290,LOAN00290,1,train,33,1682962.0,26,Divorced,Graduate,10,531034.0,Personal Loan,1328025.0,72,10.36,24844.0,Poor,0,0.93,44.0,22.0,10,1332032.0,865407.0,0.39,3,0,0,0,0,201.0,7,527999.0,5,109.0,30,0
336,LOAN00336,0,train,44,1008005.0,15,Married,Postgraduate,13,254090.0,Personal Loan,412571.0,24,9.58,18958.0,Good,0,0.34,21.0,27.0,7,1205523.0,203937.0,0.8,0,0,0,0,1,31.0,5,308844.0,1,152.0,60,0
388,LOAN00388,0,train,47,928068.0,13,Married,High School,19,149516.0,Home Loan,735831.0,12,16.15,66814.0,Average,0,0.57,81.0,19.0,1,811319.0,535309.0,0.43,1,2,2,1,0,18.0,4,129563.0,2,29.0,90,0
199,LOAN00199,0,train,39,1315510.0,25,Single,High School,18,459362.0,Business Loan,497492.0,36,13.21,16812.0,Average,1,0.88,1.79,53.0,4,1206701.0,1290687.0,0.94,1,1,1,0,0,209.0,2,505187.0,3,58.0,90,1
190,LOAN00190,1,train,39,638476.0,27,Divorced,Postgraduate,7,261797.0,Personal Loan,313035.0,72,15.41,6689.0,Poor,2,0.14,6.0,79.0,7,1325178.0,2068820.0,0.14,4,1,1,1,1,232.0,7,360551.0,7,13.0,90,2
160,LOAN00160,1,train,43,732615.0,6,Single,High School,14,483444.0,Personal Loan,1449066.0,24,12.67,68666.0,Poor,4,0.31,17.0,94.0,11,613345.0,262345.0,0.89,2,0,0,0,0,35.0,7,435547.0,3,168.0,60,3
131,LOAN00131,0,train,27,2381830.0,2,Married,Postgraduate,5,454906.0,Personal Loan,682209.0,48,11.9,17931.0,Good,0,0.84,14.0,4.0,6,1723287.0,106857.0,0.85,4,0,0,0,0,51.0,7,414683.0,0,170.0,15,0
321,LOAN00321,1,train,48,1044011.0,19,Divorced,High School,1,616024.0,Auto Loan,1123310.0,36,13.17,37940.0,Average,2,0.61,8.0,22.0,1,2705840.0,48635.0,0.48,2,0,0,0,2,199.0,8,621631.0,4,128.0,0,1
50,LOAN00050,0,train,33,1942438.0,3,Single,Graduate,11,647116.0,Education Loan,917436.0,24,13.35,43767.0,Good,1,0.13,85.0,87.0,8,178096.0,1238528.0,0.55,2,0,0,0,2,212.0,2,737443.0,2,13.0,30,1
266,LOAN00266,0,train,33,663932.0,6,Divorced,PhD,6,454201.0,Home Loan,481191.0,24,13.24,22930.0,Good,5,0.61,5.0,94.0,8,1313549.0,939842.0,0.8,3,2,2,1,0,70.0,6,461528.0,1,140.0,60,4
454,LOAN00454,1,train,49,1167594.0,22,Single,PhD,6,116733.0,Personal Loan,441496.0,36,13.1,14897.0,Poor,0,0.37,85.0,91.0,5,372272.0,282348.0,0.97,2,1,1,1,0,143.0,2,103094.0,3,17.0,90,0
38,LOAN00038,1,train,33,1781145.0,9,Single,Graduate,4,800666.0,Home Loan,1143100.0,12,9.78,100379.0,Good,2,0.19,12.0,43.0,3,1706173.0,2165726.0,0.31,0,1,1,1,0,194.0,4,765870.0,4,140.0,90,2
407,LOAN00407,0,train,50,1360461.0,7,Single,Graduate,7,765318.0,Auto Loan,1042268.0,60,12.2,23290.0,Average,0,0.5,42.0,2.0,7,1277277.0,1912377.0,0.58,0,0,0,0,3,19.0,8,825892.0,1,107.0,30,0
436,LOAN00436,1,train,52,981857.0,23,Married,PhD,15,234667.0,Personal Loan,788771.0,36,11.08,25853.0,Average,0,0.77,40.0,90.0,11,1651348.0,1954650.0,0.2,4,2,1,1,1,181.0,9,237114.0,6,132.0,90,0
244,LOAN00244,1,train,21,1817993.0,19,Married,PhD,17,975833.0,Personal Loan,1550154.0,36,8.83,49171.0,Average,0,0.49,5.0,73.0,2,2789929.0,1083116.0,0.95,2,0,0,0,2,100.0,3,1016071.0,7,31.0,30,0
227,LOAN00227,0,train,32,2080652.0,3,Single,Postgraduate,19,867102.0,Home Loan,284583.0,60,8.86,5888.0,Average,1,0.59,53.0,10.0,7,911847.0,1877878.0,0.05,0,1,0,0,0,176.0,8,916240.0,0,88.0,15,0
40,LOAN00040,0,train,48,2132456.0,17,Married,Postgraduate,9,977993.0,Home Loan,1373651.0,60,12.65,31009.0,Average,2,0.44,5.0,85.0,4,554253.0,2262617.0,0.06,3,1,0,0,1,105.0,1,992782.0,2,47.0,15,1
352,LOAN00352,0,train,45,759334.0,25,Married,PhD,3,453296.0,Auto Loan,1448542.0,24,17.91,72254.0,Good,3,0.36,21.0,2.0,9,1598693.0,430691.0,0.27,3,1,1,0,0,39.0,3,469591.0,2,11.0,30,3
363,LOAN00363,1,train,42,1883463.0,0,Married,Postgraduate,7,619767.0,Home Loan,231603.0,36,10.66,7545.0,Poor,2,0.24,44.0,8.0,9,1698654.0,1404909.0,0.88,1,1,1,0,0,220.0,1,704422.0,6,134.0,90,2
254,LOAN00254,0,train,41,2213400.0,2,Married,Graduate,8,610975.0,Education Loan,1667475.0,72,7.0,28428.0,Average,0,0.6,7.0,9.0,7,1786758.0,826057.0,0.2,3,0,0,0,1,47.0,9,669976.0,2,39.0,15,0
228,LOAN00228,1,train,42,2070351.0,4,Married,Graduate,2,402654.0,Personal Loan,974750.0,36,10.93,31879.0,Good,1,0.21,45.0,7.0,6,166928.0,696434.0,0.26,1,0,0,0,3,151.0,9,484420.0,6,29.0,15,1
171,LOAN00171,0,train,51,1406562.0,23,Single,High School,11,521490.0,Business Loan,353242.0,24,12.38,16691.0,Average,0,0.72,82.0,53.0,5,2721907.0,2169213.0,0.02,0,1,1,1,0,194.0,2,608349.0,2,101.0,90,0
286,LOAN00286,0,train,45,589306.0,11,Single,High School,18,65428.0,Auto Loan,1577639.0,60,19.39,41264.0,Good,3,0.88,11.0,91.0,7,1602391.0,25750.0,0.18,0,0,0,0,1,190.0,4,102514.0,2,90.0,30,3
82,LOAN00082,0,train,51,1332392.0,3,Married,PhD,19,118136.0,Home Loan,1984707.9,36,16.19,69979.0,Average,0,0.46,22.0,53.0,9,305937.0,1143947.0,0.76,4,0,0,0,2,170.0,4,109631.0,3,26.0,30,0
311,LOAN00311,0,train,22,966646.0,5,Divorced,Postgraduate,10,215893.0,Education Loan,543415.0,36,10.14,17570.0,Good,3,0.93,39.0,60.0,5,2393493.0,2226264.0,0.02,2,0,0,0,3,171.0,1,195647.0,2,114.0,15,3
180,LOAN00180,1,train,37,1772712.0,27,Single,High School,18,436514.0,Auto Loan,1275854.0,72,8.24,22519.0,Average,0,0.65,66.0,22.0,2,1660802.0,821216.0,0.3,2,0,0,0,1,232.0,3,411235.0,2,50.0,0,0
488,LOAN00488,0,train,39,1878125.0,12,Divorced,Postgraduate,18,448039.0,Business Loan,705806.0,48,11.77,18506.0,Poor,0,0.31,30.0,73.0,2,1740644.0,301579.0,0.9,1,2,2,1,1,191.0,6,482756.0,0,55.0,90,0
449,LOAN00449,0,train,64,1507528.0,25,Married,High School,1,559331.0,Home Loan,1096431.0,60,12.94,24913.0,Good,1,0.25,46.0,60.0,9,648214.0,257839.0,0.69,0,0,0,0,0,165.0,0,532998.0,0,72.0,60,0
447,LOAN00447,0,train,61,2467054.0,29,Single,PhD,1,536988.0,Auto Loan,367592.0,60,10.17,7841.0,Good,5,0.62,55.0,66.0,7,1475305.0,1576270.0,0.78,2,0,0,0,2,24.0,2,593578.0,3,137.0,30,5
477,LOAN00477,1,train,44,2233330.0,28,Divorced,High School,6,655772.0,Home Loan,193736.0,48,17.12,5602.0,Average,3,0.28,8.0,63.0,10,2689458.0,1764230.0,0.47,2,1,0,0,0,213.0,9,739923.0,7,160.0,60,2
230,LOAN00230,0,train,60,1107562.0,4,Divorced,Graduate,18,568815.0,Personal Loan,990971.0,24,10.38,45902.0,Poor,0,0.1,21.0,45.0,5,2277334.0,1343187.0,0.7,3,1,0,0,2,226.0,8,564706.0,3,173.0,90,0
260,LOAN00260,1,train,33,1563050.0,1,Married,Postgraduate,8,453084.0,Auto Loan,1744207.0,36,9.07,55522.0,Poor,0,0.28,16.0,13.0,8,1665073.0,2302673.0,0.02,3,0,0,0,3,159.0,2,518520.0,2,91.0,15,0
354,LOAN00354,0,train,54,836632.0,14,Married,PhD,13,468535.0,Education Loan,1476232.0,24,10.91,68742.0,Good,1,0.49,29.0,44.0,7,211359.0,845202.0,0.38,3,0,0,0,1,20.0,5,541990.0,2,54.0,30,1
468,LOAN00468,0,train,55,642735.0,11,Married,High School,19,25658.44,Home Loan,1100695.0,48,12.44,29223.0,Average,0,0.01,100.0,95.0,11,2483938.0,315632.0,0.82,3,0,0,0,0,55.0,2,35744.25,2,75.0,15,0
137,LOAN00137,1,train,52,2052855.0,23,Married,Postgraduate,1,273144.0,Business Loan,1720147.0,12,13.39,153953.0,Average,3,0.47,71.0,66.0,10,2607887.0,1467377.0,0.32,3,0,0,0,0,78.0,9,241745.0,7,15.0,0,2
337,LOAN00337,0,train,32,2048506.0,2,Divorced,PhD,2,932155.0,Personal Loan,708622.0,60,7.09,14061.0,Average,5,0.39,76.0,25.0,8,1206262.0,127996.0,0.44,2,0,0,0,0,145.0,1,1004884.0,3,148.0,0,4
164,LOAN00164,0,train,53,1123845.0,8,Married,Graduate,17,377040.0,Education Loan,286784.0,36,9.3,9159.0,Poor,1,0.87,58.0,68.0,6,1421111.0,923315.0,0.66,2,2,1,0,0,54.0,7,349348.0,3,111.0,30,1
482,LOAN00482,0,train,46,1914782.0,25,Divorced,High School,8,274734.0,Business Loan,1166353.0,36,9.14,37165.0,Good,0,0.18,87.0,7.0,6,1667071.0,2218850.0,0.22,2,1,1,0,0,156.0,7,311716.0,2,171.0,90,0
238,LOAN00238,0,train,55,2048265.0,19,Married,Graduate,14,802559.0,Personal Loan,309323.0,60,9.61,6512.0,Poor,3,0.09,23.0,25.0,11,169509.0,598957.0,0.42,0,0,0,0,0,225.0,6,788606.0,3,148.0,30,3
34,LOAN00034,1,train,40,757515.0,23,Married,Graduate,10,172731.0,Personal Loan,1912112.0,24,15.4,93075.0,Good,0,0.05,19.0,89.0,8,1491901.0,2321566.0,0.4,0,2,2,2,0,66.0,8,167975.0,2,52.0,90,0
268,LOAN00268,0,train,32,2435608.0,22,Single,Graduate,13,437395.0,Business Loan,490572.0,48,11.97,12911.0,Good,1,0.11,75.0,40.0,9,1576947.0,1293290.0,0.11,0,2,1,0,0,176.0,0,476086.0,1,14.0,90,1
188,LOAN00188,1,train,35,1237763.0,17,Married,Postgraduate,8,196747.0,Home Loan,1480136.0,12,13.3,132410.0,Average,4,0.09,12.0,44.0,8,2244059.0,1699487.0,0.02,3,0,0,0,0,115.0,8,158479.0,4,27.0,0,3
427,LOAN00427,0,train,26,792034.0,3,Single,Graduate,4,25658.44,Personal Loan,1339532.0,12,12.02,119028.0,Good,0,0.14,49.0,54.0,6,385215.0,151522.0,0.72,4,1,1,1,2,102.0,0,77017.0,1,14.0,60,0
123,LOAN00123,0,train,55,1834365.0,15,Single,High School,4,827880.0,Auto Loan,916752.0,48,11.84,24069.0,Poor,0,0.09,35.0,9.0,8,324304.0,1250450.0,0.98,1,2,1,1,1,187.0,3,830105.0,2,115.0,60,0
105,LOAN00105,0,train,53,1145757.0,15,Married,PhD,1,832390.0,Home Loan,1886119.0,24,15.39,91801.0,Average,3,0.58,22.0,90.0,2,1228176.0,183676.0,0.25,2,1,1,1,0,112.0,6,914278.0,1,77.0,60,2
41,LOAN00041,0,train,22,782142.0,28,Single,Postgraduate,10,123140.0,Business Loan,1488322.0,36,10.83,48606.0,Good,0,0.84,5.0,41.0,11,2110361.0,2280052.0,0.16,1,1,1,1,0,112.0,9,137119.0,3,160.0,90,0
162,LOAN00162,0,train,25,643843.0,2,Divorced,Postgraduate,9,986840.5099999999,Business Loan,1001410.0,24,16.62,49329.0,Poor,4,0.58,18.0,74.0,6,248251.0,1611355.0,0.97,4,1,0,0,0,169.0,7,963878.0,2,29.0,30,4
240,LOAN00240,1,train,59,441206.0,13,Married,PhD,19,980859.0,Auto Loan,312540.0,12,7.5,27115.0,Poor,3,0.23,72.0,61.0,6,986721.0,567954.0,0.3,1,1,1,0,0,90.0,1,1044471.45,4,40.0,60,3
37,LOAN00037,0,train,26,2406017.0,28,Single,High School,19,731149.0,Business Loan,1726456.0,12,11.93,153336.0,Good,1,0.24,84.0,16.0,1,2102137.0,1438778.0,0.91,3,0,0,0,0,174.0,3,772876.0,1,155.0,30,0
267,LOAN00267,1,train,52,2356969.0,20,Married,High School,1,531743.0,Personal Loan,104344.0,72,7.0,1801.7,Average,4,0.55,58.0,42.0,8,817297.0,118706.0,0.53,2,1,0,0,0,84.0,8,487283.0,2,165.0,30,4
489,LOAN00489,0,train,52,310456.0,22,Single,Postgraduate,4,892502.0,Auto Loan,1961824.0,48,14.17,53777.0,Good,2,0.71,54.0,10.0,5,2235177.0,1340417.0,0.93,1,0,0,0,2,220.0,3,896106.0,2,94.0,90,1
465,LOAN00465,0,train,33,1382640.0,7,Divorced,PhD,8,986840.5099999999,Personal Loan,1746017.0,12,10.75,154112.0,Poor,1,0.12,77.0,44.0,3,2836819.0,660633.0,0.75,1,1,1,1,0,137.0,6,1044471.45,1,100.0,90,1
494,LOAN00494,0,train,45,707085.0,25,Single,Postgraduate,17,773143.0,Home Loan,1638006.0,60,13.65,37816.0,Average,2,0.58,82.0,35.0,11,1501214.0,1485413.0,0.58,4,0,0,0,1,97.0,7,848726.0,0,99.0,30,1
57,LOAN00057,0,train,21,571748.0,16,Married,High School,2,286623.0,Business Loan,1689924.0,36,14.92,58515.0,Poor,3,0.58,97.0,11.0,6,2756002.0,1152020.0,0.34,1,0,0,0,0,191.0,0,364903.0,1,166.0,90,2
86,LOAN00086,0,train,63,284119.0,4,Single,High School,14,775767.0,Home Loan,419419.0,36,10.46,13624.0,Average,0,0.23,75.0,84.0,1,140459.0,297182.0,0.2,2,2,1,0,0,61.0,1,866081.0,3,168.0,60,0
330,LOAN00330,0,train,30,1671950.0,2,Married,High School,7,195326.0,Personal Loan,1711472.0,72,10.76,32366.0,Poor,1,0.15,92.0,85.0,8,2739439.0,2165333.0,0.86,0,2,1,1,1,51.0,6,272427.0,3,169.0,60,0
487,LOAN00487,0,train,35,1188439.0,9,Married,Graduate,19,986225.0,Home Loan,1722789.0,36,7.0,53194.0,Good,0,0.34,39.0,23.0,4,1187308.0,124649.0,0.86,2,0,0,0,0,103.0,6,1044471.45,0,87.0,60,0
166,LOAN00166,1,train,44,1614621.0,17,Married,Postgraduate,1,924249.0,Business Loan,786358.0,48,15.12,21932.0,Poor,0,0.22,30.0,96.0,8,2211983.0,703654.0,0.66,4,0,0,0,0,225.0,1,1013037.0,2,21.0,90,0
444,LOAN00444,0,train,47,240133.0,21,Single,Graduate,6,378306.0,Personal Loan,1706798.0,12,12.47,152022.0,Average,2,0.94,89.0,94.0,8,866935.0,649528.0,0.92,1,1,0,0,1,107.0,1,344641.0,0,158.0,15,2
284,LOAN00284,0,train,42,1529520.0,6,Married,Postgraduate,14,953676.0,Personal Loan,182291.0,60,10.73,3938.0,Poor,5,0.34,86.0,25.0,7,1825810.0,2456259.1499999994,0.32,0,0,0,0,0,31.0,7,909119.0,3,166.0,60,5
90,LOAN00090,1,train,24,922487.0,17,Single,PhD,15,33277.0,Home Loan,1984707.9,12,10.18,169295.8999999999,Poor,0,0.84,11.0,84.0,9,2005633.0,143070.0,0.38,4,0,0,0,0,142.0,2,55676.0,4,63.0,90,0
229,LOAN00229,1,train,59,1453337.0,22,Married,Graduate,17,626812.0,Auto Loan,358657.0,60,16.4,8798.0,Average,0,0.0,58.0,80.0,1,926385.0,25416.1,0.58,2,0,0,0,1,135.0,5,593007.0,5,129.0,90,0
12,LOAN00012,0,train,22,558907.0,7,Divorced,PhD,2,841501.0,Personal Loan,209672.0,12,10.08,18441.0,Good,2,0.7,18.0,52.0,1,1123763.0,2116327.0,0.25,0,0,0,0,0,165.0,4,901055.0,2,121.0,15,1
278,LOAN00278,1,train,58,2102558.0,4,Married,Postgraduate,4,130904.0,Education Loan,962053.0,12,19.423599999999997,89183.0,Average,0,0.72,71.0,93.0,1,391213.0,438518.0,0.65,4,1,0,0,0,123.0,7,118849.0,5,155.0,30,0
77,LOAN00077,0,train,51,1378071.0,4,Married,Graduate,2,436217.0,Auto Loan,1470970.0,72,13.73,30098.0,Poor,0,0.21,86.0,83.0,11,1738539.0,1836986.0,0.66,0,0,0,0,3,46.0,8,534579.0,3,89.0,30,0
20,LOAN00020,0,train,61,1947821.0,7,Single,Graduate,15,470683.0,Home Loan,1605121.0,24,10.76,74632.0,Poor,1,0.03,85.0,45.0,6,2444279.0,1766446.0,0.51,2,0,0,0,1,229.0,0,545582.0,1,102.0,0,1
2,LOAN00002,0,train,56,1247861.0,21,Single,High School,6,67739.0,Personal Loan,699903.0,48,10.29,17848.0,Good,0,0.65,88.0,92.0,10,251599.0,1073910.0,0.26,0,0,0,0,0,111.0,6,43957.0,0,136.0,0,0
364,LOAN00364,0,train,29,1604437.0,13,Single,Graduate,3,759825.0,Business Loan,1375268.0,24,11.3,64289.0,Good,5,0.57,54.0,50.0,10,1030201.0,916663.0,0.91,2,2,1,0,0,163.0,3,845901.0,2,87.0,30,4
44,LOAN00044,0,train,50,922667.0,6,Divorced,PhD,18,579080.0,Business Loan,964575.0,72,15.77,20801.0,Good,2,0.3,13.0,23.0,11,1564896.0,1793200.0,0.52,1,1,1,1,2,232.41999999999996,6,653403.0,3,11.0,60,2
273,LOAN00273,0,train,25,831377.0,13,Married,High School,6,350994.0,Auto Loan,927577.0,24,10.15,42867.0,Average,0,0.37,39.0,67.0,11,2856661.0,2163249.0,0.02,1,1,0,0,0,191.0,6,316002.0,0,19.0,90,0
457,LOAN00457,0,train,34,233418.0,28,Married,Postgraduate,1,586500.0,Auto Loan,720606.0,48,11.91,18944.0,Average,2,0.49,80.0,28.0,6,605521.0,1342682.0,0.97,4,0,0,0,1,85.0,1,575447.0,2,24.0,90,1
172,LOAN00172,1,train,40,2426633.0,19,Married,PhD,13,976083.0,Personal Loan,1296605.0,24,16.64,63883.0,Poor,0,0.75,92.0,92.0,8,2502512.0,342038.0,0.41,3,1,1,1,2,119.0,9,1042368.0,6,98.0,60,0
486,LOAN00486,0,train,23,2468529.88,9,Married,Graduate,16,986840.5099999999,Personal Loan,502816.0,24,14.49,24258.0,Good,0,0.39,56.0,21.0,10,2379749.0,326475.0,0.71,4,0,0,0,0,28.0,0,1044336.0,1,52.0,60,0
196,LOAN00196,1,train,52,1277741.0,5,Married,Graduate,13,261686.0,Education Loan,321496.0,24,11.37,15039.0,Good,1,0.74,38.0,61.0,10,2289606.0,1794952.0,0.81,2,2,1,0,0,57.0,7,225394.0,5,44.0,90,1
192,LOAN00192,1,train,30,1224185.0,14,Married,Graduate,4,304503.0,Personal Loan,1746867.0,36,7.0,53938.0,Good,0,0.08,83.0,19.0,1,974251.0,1986794.0,0.12,3,2,2,2,3,168.0,7,341209.0,7,169.0,90,0
237,LOAN00237,1,train,25,1506912.0,18,Single,Graduate,14,195840.0,Personal Loan,894936.0,48,12.77,23906.0,Good,1,0.76,30.0,50.0,7,1500132.0,710578.0,0.85,3,0,0,0,1,78.0,8,278464.0,3,106.0,0,1
93,LOAN00093,1,train,62,2458713.0,26,Married,Graduate,2,86155.0,Personal Loan,112036.0,12,14.07,10063.0,Average,1,0.39,6.0,41.0,2,1532002.0,1974228.0,0.52,0,0,0,0,0,229.0,0,90600.0,3,123.0,0,1
394,LOAN00394,1,train,48,1476978.0,11,Married,Graduate,11,563915.0,Auto Loan,244072.0,24,10.0,11262.0,Average,4,0.16,95.0,17.0,10,1941763.0,1782614.0,0.78,0,0,0,0,0,184.0,2,650370.0,6,23.0,30,4
390,LOAN00390,0,train,54,897104.0,28,Married,Graduate,4,90294.0,Auto Loan,513023.0,60,11.16,11195.0,Good,0,0.09,26.0,95.0,6,2155660.0,1877219.0,0.21,2,0,0,0,3,54.0,1,90848.0,2,129.0,30,0
461,LOAN00461,1,train,44,2285510.0,5,Single,Graduate,19,770110.0,Personal Loan,1948230.0,60,10.76,42126.0,Poor,4,0.53,94.0,44.0,4,500711.0,2034678.0,0.12,4,0,0,0,0,85.0,4,838302.0,4,25.0,60,3
130,LOAN00130,1,train,47,1838067.0,1,Single,Postgraduate,17,890597.0,Education Loan,1547909.0,48,8.91,38453.0,Good,5,0.02,1.79,38.0,4,1251180.0,1051212.0,0.32,3,0,0,0,0,217.0,2,988601.0,2,148.0,15,4
92,LOAN00092,1,train,49,2118874.0,13,Married,Postgraduate,6,258599.0,Personal Loan,1936122.0,12,13.08,169295.8999999999,Poor,2,0.76,6.0,16.0,3,2684531.0,1199394.0,0.72,3,0,0,0,0,14.79,7,248832.0,4,113.0,0,1
326,LOAN00326,1,train,60,2370074.0,18,Married,Postgraduate,13,515225.0,Auto Loan,395653.0,24,11.39,18512.0,Poor,4,0.22,88.0,27.0,3,2507762.0,152731.0,0.18,1,2,1,0,0,176.0,1,547033.0,6,20.0,90,4
208,LOAN00208,0,train,58,1804443.0,3,Married,PhD,9,967786.0,Home Loan,171323.0,12,12.58,15268.0,Average,0,0.8,70.0,99.20999999999998,8,2684351.0,1900033.0,0.77,1,0,0,0,1,140.0,1,963338.0,0,108.0,60,0
396,LOAN00396,1,train,29,618955.0,24,Divorced,High School,11,534216.0,Business Loan,1334773.0,24,9.99,61586.0,Good,2,0.3,2.0,11.0,5,266016.0,495151.0,0.71,2,0,0,0,2,18.0,1,595800.0,6,105.0,90,2
15,LOAN00015,1,train,64,1499765.0,12,Divorced,Graduate,3,934069.0,Business Loan,659127.0,12,10.61,58134.0,Average,2,0.05,93.0,12.0,8,2230011.0,1156672.0,0.61,3,0,0,0,0,227.0,6,892843.0,5,21.0,90,1
471,LOAN00471,0,train,23,688556.0,23,Single,PhD,13,712885.0,Education Loan,1699993.0,72,13.1,34215.0,Good,0,0.06,46.0,16.0,6,120005.0,2345228.0,0.99,1,0,0,0,2,106.0,6,742845.0,1,106.0,60,0
356,LOAN00356,0,train,42,658806.0,19,Single,Postgraduate,5,860216.0,Auto Loan,519873.0,72,10.14,9667.0,Good,0,0.05,52.0,22.0,6,908436.0,2392285.0,0.54,4,0,0,0,0,98.0,3,850797.0,3,124.0,90,0
174,LOAN00174,0,train,31,1984351.0,3,Single,Graduate,14,648977.0,Business Loan,1107934.0,72,10.27,20676.0,Good,1,0.73,42.0,74.0,3,509070.0,1464432.0,0.5,2,0,0,0,0,127.0,4,748500.0,1,106.0,60,1
150,LOAN00150,0,train,51,1480452.0,13,Married,Postgraduate,19,694076.0,Home Loan,312508.0,60,12.19,6981.0,Average,0,0.33,68.0,79.0,2,1045166.0,975936.0,0.86,1,0,0,0,1,232.41999999999996,3,740939.0,1,101.0,15,0
212,LOAN00212,0,train,25,250874.0,11,Single,PhD,1,170129.0,Auto Loan,908089.0,24,12.14,42806.0,Average,0,0.34,70.0,10.0,5,1178447.0,967445.0,0.56,1,0,0,0,1,149.0,4,242746.0,2,159.0,90,0
259,LOAN00259,1,train,59,687116.0,16,Married,Graduate,17,81670.0,Personal Loan,1127077.0,36,15.37,39275.0,Poor,2,0.02,54.0,3.0,6,2948358.5799999996,1682458.0,0.56,3,0,0,0,0,199.0,7,119669.0,3,112.0,30,2
136,LOAN00136,1,train,36,467821.0,26,Married,Graduate,8,644734.0,Business Loan,1485055.0,24,9.04,67871.0,Average,2,0.87,36.0,2.0,9,1229117.0,2427190.0,0.38,4,1,1,1,0,219.0,0,738073.0,6,105.0,60,2
421,LOAN00421,1,train,32,353745.0,5,Married,High School,2,151730.0,Auto Loan,573994.0,48,9.85,14516.0,Average,0,0.51,66.0,85.0,10,1491275.0,1242666.0,0.61,1,1,1,1,0,87.0,0,123955.0,3,124.0,90,0
168,LOAN00168,1,train,42,310857.0,24,Single,Graduate,4,339218.0,Home Loan,448038.0,24,11.17,20917.0,Poor,0,0.0,81.0,32.0,10,2556106.0,701863.0,0.75,4,1,0,0,3,124.0,8,382978.0,5,134.0,15,0
442,LOAN00442,0,train,44,1810031.0,14,Married,High School,17,716240.0,Personal Loan,828602.0,36,7.15,25641.0,Poor,0,0.2,54.0,48.0,8,1146034.0,1670147.0,0.07,1,0,0,0,0,101.0,5,719218.0,3,163.0,15,0
73,LOAN00073,1,train,54,1650222.0,10,Divorced,Postgraduate,2,604251.0,Business Loan,1678083.0,60,17.95,42566.0,Average,2,0.14,23.0,94.0,3,137700.0,392373.0,0.47,2,0,0,0,0,102.0,5,634259.0,5,168.0,60,2
170,LOAN00170,1,train,24,1951933.0,3,Divorced,Postgraduate,4,696173.0,Personal Loan,783900.0,48,13.33,21158.0,Poor,4,0.93,7.0,69.0,1,1467186.0,525635.0,0.99,3,1,1,1,0,40.0,2,686785.0,3,96.0,90,4
473,LOAN00473,1,train,38,2468529.88,20,Single,Graduate,16,844384.0,Auto Loan,632777.0,12,8.46,55178.0,Average,5,0.48,33.0,26.0,9,1903124.0,551773.0,0.03,2,2,1,0,1,48.0,7,855997.0,2,39.0,90,4
343,LOAN00343,0,train,63,1146119.0,1,Single,Postgraduate,19,925130.0,Business Loan,1929291.0,36,7.93,60394.0,Poor,2,0.1,52.0,57.0,10,244094.0,1113277.0,0.72,1,2,1,1,0,17.0,1,974522.0,0,125.0,60,1
333,LOAN00333,1,train,52,1257615.0,19,Divorced,Graduate,5,547896.0,Personal Loan,318548.0,60,11.17,6953.0,Good,0,0.45,77.0,39.0,10,2010534.0,903410.0,0.59,3,0,0,0,2,39.0,4,503702.0,7,168.0,60,0
335,LOAN00335,0,train,52,2259359.0,8,Married,High School,16,390274.0,Home Loan,1393097.0,48,12.76,37207.0,Good,0,0.07,38.0,66.0,1,2212908.0,2325745.0,0.38,3,1,0,0,0,128.0,7,379938.0,1,104.0,30,0
484,LOAN00484,1,train,25,1618732.0,4,Married,Graduate,18,92722.0,Home Loan,255956.0,24,7.0,11459.0,Average,1,0.31,35.0,80.0,4,2212755.0,74294.0,0.64,0,1,0,0,0,23.0,7,141612.0,3,93.0,15,0
101,LOAN00101,1,train,48,548751.0,27,Single,Postgraduate,1,701181.0,Home Loan,1060429.0,48,14.26,29116.0,Average,5,0.48,86.0,94.0,11,746249.0,45425.0,0.32,2,0,0,0,0,114.0,5,760547.0,7,10.0,30,5
295,LOAN00295,0,train,56,573279.0,23,Divorced,Graduate,14,34413.0,Personal Loan,817250.0,12,13.31,73113.0,Good,1,0.44,18.0,63.0,7,879689.0,1493232.0,0.35,2,0,0,0,3,157.0,1,81916.0,0,77.0,15,1
433,LOAN00433,0,train,41,713164.0,21,Divorced,Graduate,11,42157.0,Home Loan,1086860.0,24,13.1,51722.0,Average,0,0.96,100.0,99.20999999999998,8,972799.0,1887745.0,0.35,2,0,0,0,2,230.0,1,101014.0,1,162.0,0,0
349,LOAN00349,1,train,58,719070.0,27,Married,PhD,10,688034.0,Home Loan,834401.0,24,11.9,39239.0,Good,0,0.97,19.0,52.0,4,2495127.0,2255284.0,0.83,3,0,0,0,3,173.0,4,787771.0,4,147.0,30,0
351,LOAN00351,0,train,43,2115295.0,22,Married,Postgraduate,5,468922.0,Home Loan,733333.0,48,13.1,19709.0,Poor,5,0.35,49.0,92.0,1,2169562.0,200222.0,0.8,0,1,0,0,1,128.0,5,434572.0,0,149.0,15,5
435,LOAN00435,0,train,64,242512.0,4,Married,High School,14,129755.0,Home Loan,1367709.0,36,9.61,43882.0,Average,1,0.14,88.0,27.0,5,1221997.0,153444.0,0.31,1,0,0,0,1,151.0,8,170991.0,1,61.0,60,0
434,LOAN00434,0,train,26,869401.0,18,Married,Graduate,15,54537.0,Education Loan,853642.0,36,8.43,26919.0,Average,1,0.16,83.0,75.0,3,266568.0,2042386.0,0.96,1,1,1,1,1,64.0,9,107798.0,0,168.0,90,1
451,LOAN00451,1,train,44,2097096.0,27,Married,Graduate,12,870080.0,Auto Loan,841444.0,60,9.29,17585.0,Average,0,0.57,22.0,40.0,7,2739635.0,2017822.0,0.86,0,0,0,0,1,221.0,2,938944.0,3,58.0,30,0
258,LOAN00258,1,train,47,974662.0,2,Married,Graduate,14,230579.0,Education Loan,284614.0,48,7.0,6815.0,Poor,0,0.38,10.0,7.0,4,2432117.0,1027930.0,0.4,2,1,1,1,0,78.0,3,195259.0,6,108.0,90,0
322,LOAN00322,1,train,48,846350.0,15,Single,Graduate,3,929349.0,Auto Loan,1767695.0,48,7.0,42329.0,Average,0,0.13,22.0,52.0,7,813815.0,2245794.0,0.48,1,1,0,0,0,229.0,6,953249.0,4,137.0,15,0
405,LOAN00405,0,train,36,1659553.0,18,Divorced,PhD,12,879468.0,Education Loan,92441.0,36,15.47,3225.0,Good,4,0.83,64.0,24.0,3,456687.0,1232084.0,0.11,2,0,0,0,3,146.0,4,953969.0,2,88.0,90,3
29,LOAN00029,1,train,30,1574910.0,7,Single,Postgraduate,6,427651.0,Personal Loan,253687.0,12,12.79,22633.0,Average,4,0.42,77.0,45.0,2,1885673.0,1105425.0,0.73,3,0,0,0,2,28.0,7,392044.0,7,116.0,30,4
426,LOAN00426,1,train,30,1579441.0,13,Single,Graduate,6,137916.0,Home Loan,1440468.0,72,8.69,25744.0,Good,3,0.36,37.0,2.0,8,2030295.0,642809.0,0.2,4,2,2,1,2,134.0,7,141830.0,4,126.0,90,3
437,LOAN00437,0,train,53,1789841.0,10,Married,High School,14,158519.0,Business Loan,1217073.0,24,11.2,56838.0,Average,0,0.5,46.0,23.0,4,1296965.0,1502033.0,0.78,4,1,1,1,0,111.0,7,149169.0,0,38.0,90,0
500,LOAN00500,0,train,51,519108.0,11,Single,Graduate,17,664086.0,Personal Loan,1396497.0,48,14.29,38364.0,Good,1,0.12,89.0,6.0,8,2892001.0,769898.0,0.62,4,0,0,0,2,204.0,7,695971.0,3,75.0,15,1
297,LOAN00297,0,train,22,2162421.0,0,Single,Postgraduate,2,889393.0,Auto Loan,91357.0,60,7.0,1808.0,Good,3,0.31,20.0,29.0,9,209807.0,800094.0,0.49,0,1,1,1,0,200.0,4,973552.0,2,115.0,90,3
485,LOAN00485,0,train,63,1725857.0,5,Divorced,Graduate,9,444050.0,Auto Loan,883445.0,12,13.25,79010.0,Good,1,0.79,75.0,7.0,9,1815769.0,1093658.0,0.77,2,0,0,0,3,89.0,7,490499.0,3,19.0,0,0
67,LOAN00067,0,train,48,1207014.0,21,Married,Postgraduate,4,98332.0,Personal Loan,713181.0,60,16.27,17445.0,Good,0,0.02,12.0,49.0,5,497771.0,2064640.0,0.44,2,0,0,0,1,79.0,4,65098.0,2,162.0,60,0
85,LOAN00085,0,train,44,1366157.0,18,Single,Postgraduate,18,687704.0,Auto Loan,1397028.0,24,7.01,62554.0,Average,4,0.0,37.0,93.0,1,1993214.0,1170352.0,0.56,2,0,0,0,1,120.0,6,757823.0,2,35.0,60,3
153,LOAN00153,0,train,55,2165069.0,28,Single,PhD,15,861355.0,Home Loan,441132.0,36,12.72,14804.0,Good,1,0.7,5.0,34.0,3,1039619.0,1450444.0,0.58,0,0,0,0,0,93.0,5,865000.0,2,68.0,30,0
235,LOAN00235,0,train,61,1484075.0,22,Married,Postgraduate,3,399670.0,Home Loan,339838.0,36,13.46,11525.0,Average,3,0.23,48.0,13.0,1,1476032.0,1777634.0,0.4,3,0,0,0,1,152.0,9,438900.0,0,154.0,90,3
125,LOAN00125,1,train,36,688692.0,4,Married,Graduate,5,300547.0,Auto Loan,1060073.0,48,7.0,25384.0,Good,1,0.05,39.0,36.0,10,2942395.0,341536.0,0.77,0,0,0,0,3,109.0,7,392028.0,6,63.0,90,0
189,LOAN00189,0,train,45,2450978.0,20,Divorced,Graduate,12,483016.0,Business Loan,835716.0,48,10.52,21405.0,Good,0,0.5,71.0,66.0,6,284746.0,603536.0,0.68,1,0,0,0,0,93.0,2,471378.0,2,147.0,30,0
499,LOAN00499,0,train,46,2445142.0,24,Single,Postgraduate,16,192107.0,Business Loan,840934.0,36,10.0,27134.0,Average,0,0.64,39.0,99.0,2,2834166.0,1472365.0,0.29,4,2,2,2,1,121.0,8,264148.0,0,79.0,90,0
498,LOAN00498,0,train,56,1505359.0,24,Divorced,Graduate,8,324039.0,Business Loan,1214091.0,36,9.92,39129.0,Good,3,0.62,32.0,21.0,6,1750286.0,2114055.0,0.3,0,0,0,0,0,81.0,9,328833.0,0,101.0,0,2
474,LOAN00474,0,train,64,2076374.0,26,Divorced,Postgraduate,11,202787.0,Personal Loan,1072182.0,36,7.76,33479.0,Poor,1,0.61,68.0,58.0,11,1038088.0,573589.0,0.77,3,1,1,0,1,95.0,2,186895.0,2,101.0,90,1
6,LOAN00006,0,train,39,573064.0,27,Married,High School,11,494720.0,Home Loan,328501.0,24,10.55,15242.0,Good,1,0.65,18.0,30.0,9,883264.0,653346.0,0.67,1,1,1,0,2,197.0,2,574070.0,2,124.0,30,0
293,LOAN00293,0,train,52,2353544.0,0,Married,Postgraduate,4,150635.0,Home Loan,546068.0,24,12.56,25848.0,Poor,0,0.66,15.0,72.0,7,225141.0,1210593.0,0.42,3,1,0,0,1,148.0,7,104145.0,2,93.0,90,0
218,LOAN00218,0,train,34,232375.0,3,Married,PhD,7,161890.0,Education Loan,1036761.0,48,12.8,27710.0,Good,1,0.35,5.0,5.0,3,2612329.0,914388.0,0.52,2,1,1,0,0,196.0,0,231155.0,2,128.0,30,1
72,LOAN00072,1,train,57,726658.0,2,Married,Graduate,10,159039.0,Personal Loan,1509191.0,36,11.15,49516.0,Poor,2,0.15,24.0,80.0,4,2215823.0,837418.0,0.59,4,1,1,1,0,68.0,7,245818.0,5,127.0,90,1
382,LOAN00382,1,train,23,224807.9,27,Married,Postgraduate,15,44295.0,Personal Loan,1405731.0,24,8.55,63930.0,Good,0,0.06,75.0,67.0,5,2948358.5799999996,697024.0,0.63,0,0,0,0,2,98.0,2,57402.0,5,53.0,0,0
35,LOAN00035,0,train,43,774648.0,1,Married,Graduate,13,534981.0,Business Loan,1412279.0,24,15.19,68604.0,Poor,0,0.02,5.0,50.0,11,1877919.0,1772203.0,0.1,2,0,0,0,0,129.0,8,577661.0,3,140.0,60,0
428,LOAN00428,1,train,26,571300.0,26,Married,Graduate,8,685646.0,Education Loan,395511.0,48,13.93,10794.0,Average,4,0.46,54.0,41.0,3,695638.0,1013787.0,0.34,3,0,0,0,0,181.0,1,672113.0,5,10.0,60,4
49,LOAN00049,1,train,34,1282119.0,10,Single,Postgraduate,12,948510.0,Home Loan,1684876.0,36,15.64,58936.0,Poor,0,0.39,84.0,21.0,3,1484086.0,1587610.0,0.7,0,1,0,0,0,85.0,7,972071.0,3,142.0,60,0
9,LOAN00009,0,train,22,891582.0,25,Married,High School,17,958080.0,Home Loan,82465.0,36,11.99,2738.0,Good,0,0.57,59.0,15.0,1,2172933.0,650576.0,0.16,3,0,0,0,1,183.0,1,970938.0,0,102.0,90,0
467,LOAN00467,0,train,38,885312.0,29,Single,PhD,7,439549.0,Auto Loan,1725512.0,12,15.15,155863.0,Good,1,0.53,72.0,82.0,2,2020954.0,1550283.0,0.24,4,0,0,0,0,177.0,0,476282.0,3,119.0,0,0
282,LOAN00282,1,train,42,1372584.0,5,Single,Graduate,19,511660.0,Home Loan,330962.0,72,11.05,6308.0,Good,4,0.73,1.79,71.0,3,762037.0,599190.0,0.24,3,0,0,0,1,14.79,9,495090.0,4,150.0,30,3
327,LOAN00327,0,train,49,994174.0,29,Single,Graduate,3,469092.0,Auto Loan,1796125.0,48,10.38,45882.0,Poor,4,0.52,88.0,78.0,2,1602077.0,2350203.0,0.48,3,0,0,0,0,134.0,5,433408.0,2,105.0,0,3
309,LOAN00309,0,train,33,1315468.0,3,Single,Graduate,4,946211.0,Home Loan,497223.0,12,9.45,43586.0,Good,3,0.48,88.0,17.0,4,112154.99,1313604.0,0.96,0,1,1,0,1,198.0,7,905654.0,3,28.0,90,3
389,LOAN00389,0,train,45,1385307.0,21,Married,PhD,2,966523.0,Personal Loan,1984473.0,12,12.27,169295.8999999999,Average,0,0.15,65.0,51.0,9,1644139.0,364864.0,0.48,3,1,1,0,1,168.0,4,954253.0,1,100.0,90,0
452,LOAN00452,0,train,60,1145667.0,9,Married,Graduate,10,854547.0,Auto Loan,1009888.0,48,12.54,26862.0,Average,0,0.58,63.0,71.0,10,748717.0,614054.0,0.88,1,0,0,0,0,203.0,0,949297.0,1,175.83999999999992,30,0
385,LOAN00385,0,train,29,2265309.0,8,Divorced,Postgraduate,1,343164.0,Personal Loan,1003233.0,24,15.1,48691.0,Good,0,0.13,44.0,86.0,8,1828222.0,1221795.0,0.55,2,0,0,0,3,113.0,3,310798.0,3,17.0,90,0
418,LOAN00418,0,train,26,1717998.0,12,Divorced,High School,9,204201.0,Education Loan,892749.0,36,13.43,30265.0,Good,3,0.38,76.0,66.0,2,2565823.0,1920872.0,0.92,0,0,0,0,0,15.0,0,210338.0,2,51.0,15,3
226,LOAN00226,0,train,63,1938389.0,20,Single,High School,1,727340.0,Education Loan,1046454.0,12,11.26,92614.0,Average,0,0.85,10.0,47.0,1,2070322.0,2244013.0,0.99,3,1,1,1,2,17.0,3,777096.0,3,44.0,90,0
432,LOAN00432,0,train,40,1625692.0,4,Married,High School,2,672187.0,Personal Loan,136263.0,60,17.66,3435.0,Good,0,0.24,43.0,36.0,6,566274.0,691488.0,0.69,3,1,1,0,0,137.0,5,760281.0,3,161.0,30,0
247,LOAN00247,1,train,24,2060773.0,14,Married,Graduate,7,539150.0,Home Loan,1154823.0,72,11.89,22511.0,Average,4,0.81,62.0,24.0,4,113117.0,1849457.0,0.68,3,2,1,0,0,150.0,0,492676.0,4,158.0,30,4
367,LOAN00367,0,train,44,764470.0,23,Married,High School,5,761035.0,Personal Loan,1904537.0,24,14.23,91649.0,Good,2,0.72,90.0,81.0,1,1624414.0,1123004.0,0.36,1,0,0,0,0,95.0,2,786276.0,1,86.0,90,1
325,LOAN00325,0,train,23,1213173.0,8,Married,Graduate,18,331328.0,Business Loan,291549.0,72,10.62,5492.0,Good,1,0.9,72.0,36.0,2,920699.0,2206938.0,0.24,3,0,0,0,2,232.41999999999996,2,339548.0,1,53.0,90,1
317,LOAN00317,0,train,31,910379.0,0,Single,Graduate,5,26401.0,Personal Loan,547846.0,36,12.5,18327.0,Average,4,0.3,17.0,95.0,9,457802.0,455058.0,0.67,2,0,0,0,1,58.0,1,100458.0,2,47.0,60,4
443,LOAN00443,0,train,45,1369739.0,13,Married,PhD,7,659158.0,Auto Loan,1636543.0,24,7.0,73272.0,Average,0,0.19,30.0,96.0,6,1910115.0,781291.0,0.65,2,0,0,0,3,183.0,7,663677.0,2,26.0,60,0
274,LOAN00274,0,train,33,511051.0,12,Single,Graduate,5,860172.0,Auto Loan,807080.0,12,7.0,69834.0,Good,3,0.96,22.0,53.0,1,2097008.0,677597.0,0.42,0,1,1,1,0,160.0,3,886934.0,2,58.0,90,3
220,LOAN00220,1,train,33,997635.0,25,Married,Postgraduate,19,467686.0,Personal Loan,1642872.0,72,14.8,34560.0,Good,1,0.68,71.0,17.0,5,494024.0,2337012.0,0.97,1,1,0,0,1,232.0,4,509671.0,3,136.0,30,1
148,LOAN00148,0,train,42,406028.0,24,Married,Graduate,7,311343.0,Home Loan,1163014.0,24,16.08,56989.0,Poor,0,0.73,60.0,49.0,10,1580506.0,1750632.0,0.65,0,2,1,1,1,102.0,0,326742.0,0,117.0,90,0
19,LOAN00019,0,train,33,2240728.0,17,Single,Graduate,14,551679.0,Personal Loan,1018126.0,36,10.76,33216.0,Average,0,0.88,21.0,67.0,9,782371.0,408372.0,0.54,2,0,0,0,2,192.0,0,626444.0,0,27.0,15,0
56,LOAN00056,0,train,32,351662.0,23,Married,High School,4,909457.0,Home Loan,1822272.0,24,13.73,87260.0,Average,1,0.67,98.0,72.0,5,1397603.0,1309177.0,0.18,4,1,1,0,3,108.0,4,957913.0,0,36.0,30,0
431,LOAN00431,1,train,57,867937.0,3,Married,Graduate,9,793519.0,Education Loan,1369137.0,24,16.17,67148.0,Average,0,0.15,97.0,42.0,5,2396669.0,1630590.0,0.37,2,0,0,0,1,73.0,8,892059.0,5,131.0,60,0
81,LOAN00081,0,train,44,953558.0,28,Married,Graduate,10,542569.0,Education Loan,1277014.0,24,13.1,60771.0,Good,0,0.83,49.0,2.0,2,2919416.0,566467.0,0.85,1,0,0,0,0,75.0,7,494810.0,0,161.0,60,0
423,LOAN00423,0,train,55,962759.0,12,Single,Postgraduate,4,824261.0,Personal Loan,1110370.0,24,10.6,51545.0,Average,1,0.12,8.0,34.0,5,1975034.0,2031167.0,0.96,3,0,0,0,0,101.0,1,829794.0,0,125.0,0,0
5,LOAN00005,0,train,61,2307475.0,13,Married,Postgraduate,10,971640.0,Personal Loan,1701348.0,12,10.1,149654.0,Poor,0,0.95,6.0,43.0,2,592496.0,484719.0,0.9,0,0,0,0,0,122.0,0,992580.0,0,128.0,15,0
108,LOAN00108,1,train,38,445679.0,15,Divorced,Graduate,17,25658.44,Business Loan,1980695.0,36,9.75,63679.0,Poor,1,0.38,37.0,53.0,8,1360679.0,401591.0,0.16,0,1,0,0,0,160.0,0,53868.0,6,15.0,90,0
272,LOAN00272,0,train,61,280499.0,1,Married,Postgraduate,16,795474.0,Education Loan,1679600.0,60,12.87,38104.0,Good,0,0.03,80.0,80.0,4,1666420.0,1073824.0,0.29,3,0,0,0,0,172.0,5,821190.0,0,109.0,60,0
312,LOAN00312,1,train,21,1283982.0,20,Married,PhD,17,478781.0,Home Loan,1983992.0,60,10.43,42574.0,Average,4,0.58,49.0,96.0,11,531048.0,2056467.0,0.93,3,1,1,1,0,22.0,7,540800.0,4,116.0,60,3
345,LOAN00345,0,train,30,862304.0,25,Divorced,Graduate,8,105788.0,Personal Loan,1671711.0,24,14.8,80896.0,Good,0,0.62,80.0,30.0,4,2580865.0,595995.0,0.91,0,0,0,0,0,98.0,6,113257.0,0,49.0,90,0
270,LOAN00270,0,train,56,1509392.0,12,Married,High School,12,327744.0,Personal Loan,1984584.0,48,9.08,49461.0,Poor,2,0.32,27.0,93.0,9,1932873.0,1174135.0,0.14,2,0,0,0,0,46.0,6,347400.0,1,55.0,60,2
245,LOAN00245,1,test,42,1212765.0,12,Married,Graduate,11,116154.0,Auto Loan,1256908.0,60,15.04,29928.0,Poor,3,0.65,61.0,42.0,2,1598023.0,2062678.0,0.63,3,0,0,0,0,182.0,9,149051.0,7,98.0,15,3
98,LOAN00098,0,test,56,345130.0,3,Divorced,Postgraduate,11,198112.0,Home Loan,1786086.0,12,14.67,160931.0,Good,0,0.58,80.0,94.0,4,2780250.0,2256480.0,0.27,0,0,0,0,0,232.41999999999996,1,229367.0,0,92.0,30,0
210,LOAN00210,1,test,27,1613504.0,25,Single,PhD,5,720510.0,Home Loan,544565.0,36,8.84,17276.0,Good,0,0.66,58.0,56.0,1,2686852.0,1462763.0,0.65,1,1,0,0,0,47.0,8,736171.0,5,171.0,30,0
314,LOAN00314,0,test,56,632474.0,15,Single,Graduate,15,927749.0,Home Loan,723739.0,48,7.0,17330.0,Average,0,0.66,15.0,10.0,3,2235899.0,185221.0,0.55,2,0,0,0,0,135.0,6,1001815.0,2,161.0,0,0
161,LOAN00161,1,test,48,1910336.0,25,Divorced,PhD,17,776550.0,Home Loan,123706.0,36,8.53,3906.0,Poor,0,0.82,92.0,57.0,6,602376.0,1077266.0,0.57,4,0,0,0,3,86.0,3,822696.0,2,91.0,30,0
300,LOAN00300,1,test,23,482998.0,23,Divorced,Graduate,16,834679.0,Auto Loan,1235873.0,36,18.5,44990.0,Poor,1,0.17,100.0,55.0,3,2273637.0,2456259.1499999994,0.04,3,0,0,0,0,188.0,9,923592.0,5,133.0,0,1
116,LOAN00116,1,test,54,1725551.0,16,Married,Graduate,18,299840.0,Personal Loan,556746.0,12,11.18,49252.0,Average,2,0.04,30.0,16.0,2,913040.0,2223888.0,0.8,0,1,1,0,1,77.0,0,297487.0,3,85.0,60,1
292,LOAN00292,0,test,53,1458623.0,23,Divorced,Graduate,3,144751.0,Business Loan,864358.0,48,13.77,23520.0,Poor,0,0.49,17.0,28.0,11,652697.0,873180.0,0.82,3,1,1,0,0,176.0,0,170023.0,1,134.0,90,0
303,LOAN00303,1,test,40,1912684.0,4,Single,Graduate,18,25658.44,Personal Loan,720652.0,48,7.44,17404.0,Good,0,0.26,71.0,46.0,2,911046.0,1259821.0,0.16,1,0,0,0,2,219.0,9,35744.25,6,171.0,15,0
470,LOAN00470,0,test,22,960863.0,7,Single,PhD,4,585104.0,Home Loan,125146.0,36,11.53,4128.0,Average,2,0.06,69.0,94.0,7,1471397.0,353423.0,0.96,1,0,0,0,1,94.0,9,581308.0,0,60.0,30,1
142,LOAN00142,1,test,28,1210721.0,3,Married,Graduate,2,953190.0,Auto Loan,1984707.9,36,12.86,67177.0,Poor,1,0.25,99.0,39.0,11,1826782.0,984769.0,0.16,2,0,0,0,0,226.0,2,971338.0,2,37.0,30,1
242,LOAN00242,1,test,37,2367781.0,13,Single,Graduate,7,336502.0,Home Loan,1737819.0,36,16.13,61208.0,Average,0,0.33,43.0,39.0,2,2201324.0,1388507.0,0.55,4,1,1,0,1,75.0,9,289573.0,2,26.0,60,0
398,LOAN00398,0,test,52,1002862.0,4,Married,Graduate,13,176634.0,Education Loan,1069070.0,60,17.22,26695.0,Good,0,0.09,93.0,19.0,9,2609450.0,1084589.0,0.07,1,0,0,0,1,24.0,5,169889.0,3,139.0,30,0
69,LOAN00069,1,test,50,1631407.0,11,Single,Graduate,6,753867.0,Home Loan,1222664.0,48,10.15,31098.0,Average,4,0.89,5.0,60.0,5,1242078.0,1437840.0,0.31,0,0,0,0,1,197.0,1,704537.0,2,135.0,15,4
126,LOAN00126,0,test,51,2241793.0,27,Single,Postgraduate,5,571059.0,Auto Loan,351399.0,24,10.5,16296.0,Good,0,0.92,5.0,2.0,3,718804.0,800617.0,0.63,2,0,0,0,1,232.41999999999996,0,610877.0,3,119.0,60,0
87,LOAN00087,0,test,48,1034754.0,25,Single,Graduate,19,468685.0,Home Loan,1791736.0,12,11.89,159101.0,Poor,0,0.18,48.0,64.0,3,801212.0,1066611.0,0.7,2,0,0,0,2,110.0,6,492828.0,2,64.0,60,0
24,LOAN00024,0,test,36,686916.0,13,Single,Graduate,19,797026.0,Home Loan,1209101.0,72,12.88,24195.0,Average,0,0.78,9.0,42.0,9,112154.99,1271277.0,0.92,1,1,1,0,1,222.0,3,880317.0,1,131.0,30,0
404,LOAN00404,0,test,22,2232965.0,6,Single,High School,14,128402.0,Home Loan,531910.0,24,7.87,24025.0,Good,1,0.24,22.0,86.0,3,299622.0,2456259.1499999994,0.13,4,0,0,0,0,31.0,1,187145.0,0,73.0,60,0
377,LOAN00377,1,test,23,1676018.0,28,Divorced,Graduate,9,936600.0,Education Loan,1063406.0,48,8.26,26090.0,Good,0,0.23,49.0,72.0,11,882348.0,252202.0,0.73,0,0,0,0,0,22.0,9,1034283.0,6,173.0,0,0
271,LOAN00271,1,test,43,2396488.0,14,Married,Postgraduate,16,642713.0,Home Loan,1722021.0,24,15.79,84142.0,Average,2,0.14,87.0,2.0,11,2521294.0,527308.0,0.67,3,2,2,2,0,48.0,2,619808.0,2,31.0,90,1
374,LOAN00374,0,test,63,1725789.0,10,Single,High School,10,287053.0,Personal Loan,143813.0,12,14.11,12919.0,Average,0,0.96,15.0,21.0,6,1167861.0,2037292.0,0.75,2,2,2,2,0,30.0,0,314029.0,0,163.0,60,0
399,LOAN00399,0,test,41,873407.0,14,Married,Graduate,9,109750.0,Personal Loan,146344.0,24,11.79,6874.0,Average,0,0.87,32.0,77.0,4,2375395.0,525546.0,0.05,0,1,0,0,0,112.0,3,108665.0,1,76.0,30,0
372,LOAN00372,1,test,34,2370281.0,13,Married,Postgraduate,5,42477.0,Education Loan,1705320.0,12,8.69,148887.0,Good,3,0.97,71.0,41.0,8,2409980.0,379424.0,0.76,3,0,0,0,3,127.0,1,48230.0,2,104.0,60,2
255,LOAN00255,0,test,61,2081714.0,21,Single,Graduate,11,947992.0,Business Loan,1349483.0,48,11.68,35325.0,Average,2,0.96,52.0,93.0,11,112154.99,1925556.0,0.31,1,0,0,0,0,14.79,6,971346.0,1,65.0,30,1
368,LOAN00368,1,test,54,2362876.0,14,Divorced,High School,2,599502.0,Personal Loan,413409.0,72,8.8,7410.0,Average,2,0.79,95.0,32.0,3,377358.0,238860.0,0.62,1,0,0,0,2,65.0,5,644914.0,6,162.0,15,2
217,LOAN00217,0,test,63,1726889.0,28,Divorced,Postgraduate,13,545346.0,Home Loan,385138.0,48,14.43,10607.0,Poor,0,0.52,57.0,80.0,8,1347575.0,623752.0,0.63,2,0,0,0,1,14.79,2,642376.0,0,154.0,0,0
401,LOAN00401,1,test,55,1144048.0,4,Married,Postgraduate,2,29533.0,Personal Loan,649411.0,36,8.81,20593.0,Poor,3,0.59,8.0,33.0,1,2948358.5799999996,902522.0,0.07,1,0,0,0,1,109.0,5,92664.0,3,133.0,90,3
320,LOAN00320,0,test,41,476645.0,9,Single,Graduate,19,76340.0,Personal Loan,396028.0,60,11.36,8681.0,Good,0,0.82,78.0,80.0,1,980068.0,2038640.0,0.86,1,0,0,0,0,173.0,9,98269.0,0,56.0,90,0
141,LOAN00141,1,test,27,1705065.0,5,Single,Postgraduate,1,666699.0,Personal Loan,1805557.0,12,12.19,160582.0,Poor,0,0.29,45.0,71.0,3,706058.0,669309.0,0.08,3,0,0,0,0,164.0,1,687791.0,6,120.0,0,0
18,LOAN00018,0,test,21,1486684.0,21,Married,PhD,18,741687.0,Auto Loan,115620.0,12,7.0,10004.0,Good,0,0.97,3.0,71.0,10,1340534.0,1749554.0,0.26,0,0,0,0,2,125.0,0,794295.0,1,169.0,60,0
306,LOAN00306,1,test,32,672670.0,28,Divorced,Graduate,10,289165.0,Personal Loan,1355889.0,36,10.12,43827.0,Average,1,0.74,49.0,8.0,7,1461768.0,608219.0,0.15,0,2,2,1,0,222.0,0,310508.0,7,25.0,90,0
28,LOAN00028,0,test,38,1607931.0,13,Single,Postgraduate,19,713978.0,Auto Loan,1284686.0,60,9.33,26874.0,Average,3,0.1,90.0,36.0,5,2584938.0,1707436.0,0.44,2,0,0,0,2,172.0,6,761863.0,2,31.0,90,2
78,LOAN00078,0,test,32,2074770.0,4,Married,PhD,11,259948.0,Auto Loan,1511524.0,24,10.72,70252.0,Poor,0,0.76,71.0,2.0,4,2948358.5799999996,1429607.0,0.03,1,0,0,0,2,38.0,0,272500.0,2,162.0,15,0
76,LOAN00076,1,test,32,1291423.0,28,Married,High School,9,401083.0,Auto Loan,475809.0,24,12.37,22480.0,Poor,0,0.28,73.0,34.0,8,186037.0,1690321.0,0.12,4,0,0,0,0,47.0,0,356736.0,7,78.0,0,0
406,LOAN00406,1,test,56,899168.0,19,Single,High School,5,514215.0,Auto Loan,136430.0,36,12.51,4564.0,Good,3,0.49,37.0,47.0,9,2288850.0,1229193.0,0.36,3,0,0,0,0,91.0,5,479841.0,2,126.0,60,3
456,LOAN00456,1,test,41,1393584.0,27,Divorced,High School,4,747510.0,Education Loan,1948490.0,36,9.78,62671.0,Poor,5,0.25,19.0,18.0,7,882707.0,2329794.0,0.26,4,0,0,0,2,107.0,5,698492.0,2,98.0,0,4
338,LOAN00338,1,test,25,507264.0,2,Married,Graduate,19,375499.0,Personal Loan,1058108.0,60,12.33,23713.0,Average,0,0.07,45.0,3.0,3,2930746.0,1744133.0,0.79,2,0,0,0,1,112.0,0,335931.0,3,85.0,60,0
25,LOAN00025,0,test,48,1859665.0,13,Single,Postgraduate,8,348017.0,Business Loan,1780895.0,12,11.42,157747.0,Good,2,0.59,70.0,35.0,1,476602.0,851460.0,0.89,0,2,2,2,0,206.0,9,419730.0,3,103.0,60,2
120,LOAN00120,0,test,48,2135044.0,26,Single,PhD,19,446217.0,Home Loan,1854718.0,12,8.43,161707.0,Good,2,0.44,15.0,36.0,8,1847072.0,1383831.0,0.15,4,1,1,0,0,41.0,9,520608.0,3,77.0,30,1
106,LOAN00106,0,test,57,797537.0,28,Divorced,Graduate,7,460758.0,Personal Loan,502181.0,72,14.75,10550.0,Good,0,0.89,3.0,11.0,10,2581972.0,1891098.0,0.84,3,0,0,0,1,24.0,8,428105.0,2,158.0,90,0
74,LOAN00074,0,test,50,891365.0,1,Single,Graduate,10,895147.0,Business Loan,233806.0,60,9.61,4922.0,Poor,5,0.97,39.0,11.0,11,383364.0,925454.0,0.9,1,0,0,0,0,175.0,3,864584.0,1,116.0,15,5
355,LOAN00355,0,test,49,1615065.0,16,Single,Postgraduate,15,701956.0,Personal Loan,1187210.0,12,8.25,103410.0,Average,0,0.6,50.0,85.0,9,115845.0,1755678.0,0.03,3,0,0,0,0,214.0,9,714846.0,3,73.0,30,0
202,LOAN00202,1,test,37,1877289.0,5,Married,PhD,3,969518.0,Home Loan,818747.0,24,8.67,37280.0,Good,3,0.12,62.0,20.0,11,957188.0,1844935.0,0.69,0,0,0,0,0,232.41999999999996,2,1044471.45,4,135.0,30,3
381,LOAN00381,0,test,64,1054075.0,14,Single,PhD,13,25658.44,Home Loan,1527759.0,36,9.4,48867.0,Good,1,0.97,8.0,75.0,2,1220294.0,641768.0,0.66,4,0,0,0,0,28.0,2,35744.25,1,10.0,0,0
89,LOAN00089,0,test,53,916921.0,24,Divorced,PhD,17,714887.0,Personal Loan,875997.0,72,14.69,18375.0,Good,2,0.45,63.0,62.0,4,124752.0,1690309.0,0.33,1,1,1,1,2,182.0,1,787851.0,3,161.0,90,1
62,LOAN00062,0,test,23,1438001.0,6,Married,Postgraduate,12,74318.0,Personal Loan,860670.0,48,10.49,22031.0,Poor,1,0.3,63.0,88.0,10,380056.0,2274868.0,0.95,2,2,1,1,0,231.0,6,35744.25,3,50.0,90,0
462,LOAN00462,1,test,54,495059.0,13,Single,Graduate,8,581134.0,Personal Loan,1155151.0,24,10.44,53539.0,Good,0,0.77,4.0,53.0,1,1538720.0,2151769.0,0.89,1,2,1,0,0,140.0,3,578689.0,4,109.0,90,0
45,LOAN00045,0,test,52,286318.0,6,Married,Graduate,7,986840.5099999999,Home Loan,1940814.0,60,14.29,45451.0,Good,4,0.47,59.0,2.0,7,931672.0,317410.0,0.54,4,0,0,0,0,198.0,6,979510.0,3,109.0,90,3
491,LOAN00491,0,test,41,1161329.0,4,Married,Graduate,1,877023.0,Personal Loan,77020.33,24,7.34,2655.0,Good,0,0.68,41.0,48.0,2,717363.0,1548847.0,0.19,3,1,1,1,0,149.0,6,881476.0,2,125.0,60,0
413,LOAN00413,0,test,64,1080645.0,29,Single,Graduate,11,60708.0,Education Loan,1220265.0,12,15.13,110213.0,Good,5,0.3,73.0,66.0,3,568692.0,181338.0,0.13,2,2,1,0,0,136.0,0,68074.0,2,146.0,30,4
48,LOAN00048,1,test,33,612346.0,11,Married,Postgraduate,18,506147.0,Home Loan,1802395.0,24,11.17,84148.0,Poor,1,0.77,98.0,63.0,6,368399.0,2181445.0,0.95,3,0,0,0,3,181.0,4,508427.0,7,36.0,0,1
261,LOAN00261,0,test,30,1040653.0,7,Married,Postgraduate,6,316729.0,Home Loan,106609.0,12,12.81,9512.0,Good,3,0.19,4.0,2.0,11,359149.0,1672480.0,0.38,4,2,2,2,1,84.0,4,398302.0,3,46.0,90,3
429,LOAN00429,1,test,41,2084119.0,26,Married,Postgraduate,4,335458.0,Home Loan,981762.0,36,7.0,30313.0,Average,2,0.15,93.0,40.0,7,1696576.0,427392.0,0.94,2,0,0,0,2,159.0,1,290141.0,3,135.0,90,1
479,LOAN00479,0,test,59,1372983.0,0,Married,Postgraduate,6,522132.0,Business Loan,1106573.0,48,10.13,28134.0,Poor,1,0.83,5.0,5.0,8,2772675.0,1658131.0,0.71,1,0,0,0,0,36.0,4,473896.0,2,10.0,30,1
279,LOAN00279,0,test,59,1246218.0,4,Divorced,Postgraduate,13,333581.0,Home Loan,1132616.0,36,8.79,35906.0,Poor,1,0.23,70.0,11.0,8,1773219.0,1848628.0,0.77,1,0,0,0,2,168.0,8,378130.0,3,170.0,15,1
458,LOAN00458,0,test,34,670486.0,23,Married,PhD,10,898728.0,Personal Loan,1085803.0,24,11.4,50808.0,Poor,1,0.87,77.0,88.0,2,189207.0,202130.0,0.12,0,1,0,0,0,137.0,1,918089.0,1,57.0,90,1
133,LOAN00133,0,test,32,1820207.0,0,Married,Postgraduate,1,146889.0,Education Loan,903788.0,36,15.48,31542.0,Good,2,0.43,74.0,53.0,10,2703156.0,1435233.0,0.13,4,0,0,0,1,211.0,9,237819.0,2,59.0,0,2
95,LOAN00095,0,test,60,2377451.0,13,Married,Graduate,12,318822.0,Home Loan,968756.0,48,16.92,27913.0,Good,0,0.5,83.0,84.0,8,2293256.0,1425201.0,0.12,1,1,1,1,0,182.0,7,388343.0,1,25.0,90,0
65,LOAN00065,0,test,39,1519641.0,0,Single,High School,17,300707.0,Personal Loan,598359.0,48,12.51,15907.0,Good,2,0.57,17.0,45.0,11,1890650.0,25416.1,0.32,4,1,1,1,0,142.0,0,364097.0,0,44.0,90,1
387,LOAN00387,0,test,54,1830630.0,0,Single,Graduate,12,536797.0,Auto Loan,385989.0,36,14.51,13288.0,Average,1,0.67,45.0,8.0,11,1003164.0,1771481.0,0.2,4,0,0,0,0,105.0,7,527158.0,1,19.0,30,0
176,LOAN00176,1,test,52,595493.0,14,Married,Postgraduate,3,429432.0,Personal Loan,760242.0,36,17.8,27408.0,Average,2,0.97,7.0,16.0,3,1966956.0,2456259.1499999994,0.52,1,1,1,0,1,159.0,7,392787.0,5,56.0,60,1
410,LOAN00410,1,test,27,2133987.0,23,Married,PhD,15,695340.0,Auto Loan,272695.0,12,10.32,24014.0,Average,2,0.73,37.0,8.0,4,112154.99,2433133.0,0.63,1,0,0,0,2,53.0,3,696267.0,2,30.0,15,1
422,LOAN00422,1,test,47,2219653.0,0,Divorced,Postgraduate,12,162395.0,Personal Loan,202375.0,36,13.38,6855.0,Poor,2,0.02,16.0,99.20999999999998,8,2895958.0,768149.0,0.78,4,0,0,0,3,158.0,5,214935.0,4,60.0,60,2
223,LOAN00223,1,test,40,658525.0,7,Married,High School,1,765224.0,Home Loan,1037849.0,24,12.61,49151.0,Good,1,0.62,97.0,70.0,3,299412.0,1004312.0,0.99,0,0,0,0,1,29.0,7,798218.0,2,77.0,15,0
252,LOAN00252,0,test,47,1824038.0,3,Single,Postgraduate,5,683174.0,Personal Loan,486922.0,60,9.04,10117.0,Poor,0,0.91,22.0,75.0,7,2361271.0,1707317.0,0.25,1,0,0,0,2,171.0,4,636053.0,2,107.0,60,0
315,LOAN00315,0,test,25,1494142.0,8,Divorced,Postgraduate,9,434401.0,Auto Loan,526622.0,24,11.62,24696.0,Average,0,0.08,65.0,82.0,9,1637124.0,1625932.0,0.02,1,1,0,0,0,178.0,5,410938.0,1,166.0,90,0
430,LOAN00430,0,test,64,2467601.0,28,Single,Graduate,5,484323.0,Home Loan,209987.0,12,10.96,18555.0,Good,0,0.6,70.0,15.0,11,1495451.0,1638474.0,0.36,4,1,0,0,3,17.0,5,456707.0,2,141.0,30,0
289,LOAN00289,1,test,63,1774395.0,27,Single,High School,5,44305.0,Personal Loan,713193.0,72,17.25,15965.0,Good,5,0.54,60.0,55.0,2,735370.0,1618645.0,0.52,4,1,0,0,0,160.0,0,83374.0,6,34.0,15,5
3,LOAN00003,0,test,61,1936538.0,19,Divorced,High School,2,60295.0,Personal Loan,1784595.0,48,17.27,51744.0,Poor,1,0.44,27.0,88.0,3,2171645.0,1589031.0,0.23,0,0,0,0,0,230.0,0,62414.0,3,85.0,90,0
129,LOAN00129,1,test,55,1434578.0,23,Divorced,PhD,19,427905.0,Business Loan,301754.0,60,12.99,6864.0,Good,1,0.03,52.0,16.0,10,2594482.0,2456259.1499999994,0.49,0,1,1,0,0,137.0,3,463129.0,3,39.0,30,1
52,LOAN00052,0,test,45,721107.0,25,Married,High School,15,826806.0,Personal Loan,1782517.0,24,17.51,88569.0,Poor,0,0.52,88.0,24.0,9,340796.0,1492701.0,0.05,2,0,0,0,1,23.0,2,815396.0,1,117.0,60,0
60,LOAN00060,1,test,56,224807.9,5,Divorced,PhD,13,65776.0,Business Loan,500777.0,24,10.3,23177.0,Average,1,0.07,46.0,85.0,3,2482867.0,1125086.0,0.17,1,0,0,0,0,156.0,7,35744.25,7,63.0,30,0
63,LOAN00063,0,test,63,1514669.0,16,Divorced,Postgraduate,12,226776.0,Home Loan,741200.0,36,10.73,24171.0,Poor,5,0.97,87.0,3.0,3,701815.0,1453599.0,0.5,2,0,0,0,3,90.0,9,226755.0,2,131.0,15,4
257,LOAN00257,0,test,34,297374.0,24,Married,Graduate,8,300535.0,Auto Loan,578116.0,48,9.22,14446.0,Average,0,0.06,76.0,26.0,4,1939292.0,380686.0,0.39,4,0,0,0,0,78.0,4,386931.0,3,102.0,30,0
453,LOAN00453,0,test,29,2084702.0,8,Single,Graduate,15,291454.0,Business Loan,1515571.0,36,7.0,46796.0,Poor,1,0.83,14.0,88.0,5,487712.0,1382783.0,0.3,1,0,0,0,0,199.0,7,374743.0,1,60.0,15,1
70,LOAN00070,0,test,42,2118881.0,29,Married,High School,4,403650.0,Education Loan,957589.0,36,12.12,31860.0,Average,1,0.02,73.0,72.0,9,1085987.0,647723.0,0.02,2,2,2,1,1,231.0,4,380805.0,2,29.0,60,0
463,LOAN00463,0,test,64,683864.0,5,Married,High School,17,27610.0,Home Loan,1397859.0,36,14.04,47802.0,Good,5,0.03,91.0,86.0,8,2423443.0,312538.0,0.27,1,1,0,0,0,50.0,5,40804.0,3,142.0,60,5
163,LOAN00163,1,test,36,2315701.0,22,Divorced,Graduate,16,838651.0,Business Loan,598624.0,60,12.89,13586.0,Poor,0,0.8,38.0,34.0,7,215759.0,359197.0,0.1,0,0,0,0,1,136.0,8,913817.0,6,78.0,15,0
139,LOAN00139,0,test,32,1821147.0,18,Married,Graduate,2,88256.0,Auto Loan,202204.0,36,11.6,6677.0,Poor,3,0.91,86.0,49.0,1,2225006.0,707013.0,0.4,3,0,0,0,0,82.0,1,114461.0,1,59.0,30,3
104,LOAN00104,0,test,62,1277516.0,1,Single,Graduate,1,664713.0,Home Loan,1356256.0,12,13.16,121238.0,Good,0,0.05,91.0,78.0,6,766014.0,179223.0,0.73,0,0,0,0,2,206.0,8,643361.0,0,64.0,90,0
165,LOAN00165,0,test,22,1224164.0,9,Divorced,Graduate,14,394600.0,Auto Loan,1931895.0,72,16.41,42343.0,Good,1,0.39,33.0,16.0,10,395220.0,232075.0,0.39,3,0,0,0,1,130.0,3,477605.0,2,175.83999999999992,60,1
269,LOAN00269,0,test,47,1888393.0,1,Married,Postgraduate,11,859659.0,Home Loan,294021.0,72,13.17,5928.0,Average,3,0.56,89.0,91.0,7,2169316.0,1133622.0,0.41,0,1,0,0,3,191.0,2,836274.0,1,116.0,90,3
117,LOAN00117,0,test,59,972705.0,5,Married,Graduate,19,38331.0,Business Loan,77020.33,36,17.4,2357.0,Average,2,0.59,64.0,3.0,1,2477016.0,1232306.0,0.17,4,1,1,1,1,68.0,6,35744.25,3,117.0,90,2
469,LOAN00469,0,test,59,2468529.88,20,Single,High School,11,511304.0,Home Loan,377753.0,36,14.01,12912.0,Good,1,0.78,84.0,5.0,4,112537.0,771235.0,0.35,0,0,0,0,0,142.0,1,572294.0,3,111.0,15,0
159,LOAN00159,0,test,29,1662112.0,29,Single,High School,14,652453.0,Business Loan,156994.0,36,13.63,5337.0,Poor,1,0.09,16.0,41.0,5,2885872.0,2152992.0,0.7,1,1,0,0,1,84.0,8,724181.0,0,145.0,90,0
135,LOAN00135,0,test,27,2110764.0,9,Single,Graduate,18,328855.0,Home Loan,572389.0,72,11.27,10974.0,Average,1,0.28,34.0,39.0,9,845121.0,2377865.0,0.79,0,0,0,0,1,45.0,3,399271.0,1,125.0,15,1
464,LOAN00464,1,test,55,2091376.0,16,Married,High School,8,712160.0,Personal Loan,1466802.0,12,9.57,128662.0,Poor,5,0.44,37.0,43.0,9,882556.0,264491.0,0.3,2,1,0,0,1,21.0,7,794575.0,2,34.0,90,4
263,LOAN00263,0,test,21,2458892.0,24,Single,High School,15,574644.0,Auto Loan,490364.0,60,11.78,10853.0,Good,0,0.61,65.0,71.0,8,2545882.0,226114.0,0.6,3,0,0,0,3,74.0,2,526131.0,0,105.0,60,0
114,LOAN00114,0,test,43,1936046.0,16,Single,Graduate,1,108841.0,Auto Loan,1112628.0,36,8.46,35102.0,Average,0,0.96,37.0,95.0,7,2802480.0,753628.0,0.93,4,1,0,0,2,32.0,8,64821.0,2,144.0,30,0
138,LOAN00138,0,test,24,1243433.0,11,Single,Postgraduate,13,191618.0,Auto Loan,537635.0,36,15.71,18824.0,Average,0,0.16,30.0,69.0,1,2479317.0,634811.0,0.35,0,2,1,1,1,49.0,2,175078.0,1,80.0,90,0
475,LOAN00475,0,test,32,2301513.0,27,Single,Graduate,19,530758.0,Business Loan,1629417.0,36,11.43,53677.0,Good,2,0.19,66.0,40.0,4,1643835.0,1522432.0,0.59,3,1,1,1,0,121.0,7,601102.0,2,76.0,90,1
46,LOAN00046,0,test,62,2305607.0,3,Single,Graduate,6,702524.0,Auto Loan,764190.0,48,11.65,19992.0,Good,0,0.07,13.0,66.0,6,2948358.5799999996,1850811.0,0.97,2,0,0,0,0,146.0,3,702736.0,0,80.0,60,0
225,LOAN00225,1,test,42,238169.0,7,Divorced,Postgraduate,10,462018.0,Personal Loan,115071.0,36,10.49,3739.0,Good,1,0.65,39.0,33.0,3,2004459.0,743455.0,0.86,2,0,0,0,0,114.0,2,507307.0,6,74.0,90,0
222,LOAN00222,1,test,35,412005.0,4,Married,High School,16,899368.0,Home Loan,106728.0,24,14.35,5141.0,Poor,3,0.7,36.0,76.0,2,2684746.0,873337.0,0.56,3,1,1,1,3,72.0,9,862645.0,2,116.0,60,2
350,LOAN00350,1,test,40,1350004.0,14,Divorced,PhD,11,253876.0,Education Loan,1984707.9,48,13.72,54363.0,Poor,3,0.65,27.0,37.0,4,1045447.0,1302135.0,0.65,3,2,1,1,3,95.0,2,214013.0,5,79.0,90,3
224,LOAN00224,0,test,34,332590.0,2,Single,Graduate,12,420975.0,Home Loan,1235648.0,12,12.81,110254.0,Good,1,0.52,9.0,94.0,3,809885.0,1301073.0,0.42,0,1,0,0,0,232.41999999999996,1,490467.0,3,23.0,60,1
31,LOAN00031,0,test,42,996561.0,0,Single,PhD,10,419308.0,Personal Loan,609955.0,12,13.21,54539.0,Good,3,0.92,32.0,94.0,11,349523.0,381899.0,0.75,4,2,1,1,0,93.0,4,428262.0,2,95.0,90,2
8,LOAN00008,0,test,26,1444381.0,6,Divorced,PhD,12,119123.0,Home Loan,574475.0,12,11.31,50856.0,Average,2,0.2,5.0,93.0,7,401025.0,1514738.0,0.39,0,2,2,2,0,51.0,7,74797.0,2,49.0,90,1
59,LOAN00059,0,test,32,451580.0,23,Single,PhD,11,835298.0,Business Loan,1361736.0,48,16.03,38612.0,Poor,3,0.9,22.0,69.0,5,1767617.0,791907.0,0.94,1,0,0,0,0,198.0,5,918103.0,2,54.0,15,2
347,LOAN00347,0,test,51,2372490.0,10,Single,PhD,10,791152.0,Home Loan,254748.0,48,12.75,6802.0,Average,3,0.0,51.0,80.0,10,2242459.0,1086863.0,0.91,3,1,0,0,2,209.0,3,797456.0,1,49.0,15,3
54,LOAN00054,0,test,30,2468529.88,22,Married,Postgraduate,18,284752.0,Personal Loan,825885.0,24,11.66,38746.0,Good,0,0.4,42.0,5.0,2,2016962.0,1189038.0,0.29,4,0,0,0,2,179.0,5,344149.0,0,114.0,90,0
154,LOAN00154,1,test,60,296530.0,13,Single,Graduate,3,464004.0,Auto Loan,1680346.0,36,12.4,56133.0,Poor,3,0.3,90.0,88.0,7,1031395.0,774209.0,0.57,2,2,2,1,3,26.0,2,474746.0,7,54.0,90,3
110,LOAN00110,0,test,46,1027689.0,9,Divorced,Graduate,11,540485.0,Auto Loan,1404390.0,12,11.56,124489.0,Poor,3,0.04,28.0,21.0,4,2626054.0,507593.0,0.87,4,2,2,2,1,163.0,2,606304.0,0,147.0,90,3
219,LOAN00219,1,test,50,1979176.0,26,Single,High School,11,110541.0,Personal Loan,492508.0,24,13.91,23625.0,Average,3,0.82,92.0,90.0,10,1466503.0,2286378.0,0.89,4,0,0,0,0,24.0,1,118839.0,7,10.0,15,2
1,LOAN00001,1,test,22,2341378.0,1,Married,Postgraduate,16,503092.0,Personal Loan,742865.0,72,9.67,13638.0,Poor,4,0.38,83.0,35.0,6,1455687.0,533313.0,0.82,2,2,1,1,3,219.0,9,586300.0,7,98.0,90,4
392,LOAN00392,1,test,49,1065923.0,11,Married,PhD,1,416832.0,Auto Loan,942444.0,12,15.48,85277.0,Good,0,0.66,94.0,4.0,9,1316391.0,854600.0,0.86,2,1,0,0,0,149.0,3,498919.0,7,145.0,60,0
379,LOAN00379,0,test,26,1504611.0,10,Married,Graduate,14,425447.0,Home Loan,175965.0,36,8.53,5557.0,Good,0,0.09,3.0,71.0,11,1525977.0,1987123.0,0.53,1,2,1,1,2,23.0,6,466933.0,1,160.0,60,0
145,LOAN00145,0,test,46,1262235.0,5,Married,Graduate,5,307387.0,Auto Loan,856370.0,36,9.87,27580.0,Average,0,0.31,59.0,4.0,5,945982.0,513755.0,0.04,3,0,0,0,0,182.0,0,300717.0,0,133.0,30,0
236,LOAN00236,0,test,61,947990.0,7,Married,High School,15,695623.0,Personal Loan,1127123.0,72,9.01,20322.0,Good,4,0.29,86.0,27.0,11,805817.0,2456259.1499999994,0.14,0,0,0,0,0,130.0,9,752596.0,2,31.0,90,4
140,LOAN00140,1,test,49,989470.0,28,Married,PhD,8,244333.0,Home Loan,1351198.0,48,14.3,37127.0,Good,4,0.56,80.0,73.0,4,1619614.0,609177.0,0.82,1,1,1,0,0,209.0,3,269023.0,7,175.83999999999992,90,3
318,LOAN00318,1,test,61,877844.0,7,Divorced,Graduate,5,409160.0,Auto Loan,1063364.0,48,9.67,26801.0,Average,0,0.62,31.0,50.0,2,1517147.0,279740.0,0.87,2,0,0,0,1,99.0,8,454707.0,7,123.0,30,0
144,LOAN00144,0,test,62,224807.9,2,Married,Postgraduate,1,183410.0,Personal Loan,1552637.0,36,9.71,49888.0,Good,3,0.18,47.0,86.0,2,1842656.0,713287.0,0.6,4,2,1,1,0,225.0,9,232104.0,1,168.0,90,3
492,LOAN00492,1,test,28,1004228.0,7,Divorced,Graduate,11,452026.0,Business Loan,1107311.0,36,7.0,34190.0,Average,0,0.52,45.0,35.0,9,2647304.0,491544.0,0.14,2,0,0,0,0,110.0,8,403096.0,5,49.0,15,0
340,LOAN00340,0,test,26,275390.0,6,Single,PhD,13,752145.0,Business Loan,540028.0,60,13.08,12309.0,Average,0,0.54,63.0,36.0,1,2273235.0,1919923.0,0.76,2,0,0,0,0,188.0,9,777616.0,2,139.0,90,0
262,LOAN00262,0,test,34,400001.0,20,Single,Graduate,14,538410.0,Business Loan,1598557.0,24,9.66,73514.0,Good,2,0.43,53.0,60.0,11,2409078.0,1631113.0,0.81,4,2,1,1,3,188.0,3,554713.0,2,163.0,60,2
91,LOAN00091,0,test,28,346730.0,2,Single,High School,12,931366.0,Auto Loan,1704303.0,36,12.96,57391.0,Poor,3,0.1,2.0,41.0,10,2204715.0,849705.0,0.57,1,0,0,0,1,191.0,2,945577.0,0,145.0,30,3
414,LOAN00414,1,test,54,749147.0,22,Single,Postgraduate,4,359264.0,Business Loan,716607.0,60,11.83,15879.0,Average,0,0.03,31.0,56.0,8,2923696.0,259895.0,0.16,3,2,2,1,3,19.0,9,405906.0,4,175.0,90,0
497,LOAN00497,1,test,58,1179557.0,21,Single,Graduate,9,320724.0,Business Loan,786099.0,24,14.63,37977.0,Poor,3,0.52,25.0,87.0,11,2649230.0,1335540.0,0.87,3,2,2,2,0,81.0,6,401040.0,7,173.0,60,2
313,LOAN00313,0,test,26,2012864.0,24,Married,Graduate,5,656191.0,Personal Loan,1371219.0,36,12.88,46122.0,Average,5,0.54,38.0,15.0,9,448382.0,2170075.0,0.98,3,0,0,0,1,82.0,6,725308.0,3,20.0,60,5
460,LOAN00460,0,test,46,567334.0,11,Single,PhD,3,691784.0,Auto Loan,1421702.0,12,11.55,126017.0,Good,0,0.47,1.79,16.0,3,1548281.0,1543263.0,0.89,2,0,0,0,1,83.0,7,786475.0,0,61.0,0,0
441,LOAN00441,0,oot,35,1437577.0,17,Divorced,Postgraduate,5,419038.0,Personal Loan,126289.0,36,13.07,4259.0,Poor,3,0.05,82.0,72.0,8,1000494.0,1869935.0,0.22,2,0,0,0,0,185.0,6,453164.0,0,31.0,90,2
32,LOAN00032,0,oot,62,1048113.0,23,Married,Graduate,16,362604.0,Auto Loan,578155.0,48,12.23,15290.0,Average,0,0.7,39.0,13.0,8,188273.0,1496891.0,0.58,0,0,0,0,0,178.0,1,363744.0,1,39.0,90,0
298,LOAN00298,0,oot,37,1456226.0,28,Single,Postgraduate,2,675827.0,Home Loan,118149.0,48,9.66,2977.0,Good,0,0.51,24.0,19.0,1,2725443.0,773968.0,0.14,3,0,0,0,0,147.0,4,774062.0,0,46.0,30,0
275,LOAN00275,0,oot,58,1312031.0,28,Married,PhD,1,262962.0,Personal Loan,1379354.0,12,8.1,120051.0,Poor,2,0.83,77.0,72.0,11,1823004.0,2052053.0,0.34,0,0,0,0,0,69.0,5,270556.0,0,73.0,90,2
478,LOAN00478,1,oot,50,1229034.0,29,Single,Graduate,15,257310.0,Business Loan,995028.0,48,13.97,27175.0,Average,3,0.08,96.0,94.0,8,1155694.0,2264656.0,0.95,2,1,0,0,1,48.0,2,330628.0,4,31.0,15,2
280,LOAN00280,0,oot,39,426151.0,18,Married,Graduate,19,816114.0,Personal Loan,618206.0,12,7.0,53491.0,Good,0,0.66,35.0,43.0,7,2695895.0,2193428.0,0.64,1,1,0,0,3,77.0,7,906821.0,3,12.0,60,0
251,LOAN00251,1,oot,54,1218906.0,20,Married,Graduate,7,697892.0,Home Loan,1708197.0,12,11.88,151675.0,Good,0,0.5,95.0,65.0,7,811318.0,211225.0,0.18,3,2,1,1,1,73.0,2,696230.0,4,57.0,60,0
455,LOAN00455,1,oot,21,1094871.0,28,Divorced,Postgraduate,15,694586.0,Business Loan,1475871.0,48,14.95,41037.0,Poor,3,0.03,82.0,95.0,2,1338014.0,355553.0,0.16,3,1,0,0,2,216.0,8,655804.0,7,74.0,60,2
241,LOAN00241,1,oot,22,1004305.0,21,Married,Graduate,16,89358.0,Home Loan,1970545.0,36,8.87,62543.0,Good,0,0.62,66.0,84.0,9,112154.99,1574026.0,0.11,2,0,0,0,0,194.0,2,176658.0,2,36.0,15,0
304,LOAN00304,0,oot,24,2223369.0,23,Divorced,High School,3,131207.0,Auto Loan,1034203.0,72,7.88,18072.0,Good,1,0.43,50.0,23.0,1,2394206.0,1262821.0,0.71,3,0,0,0,1,52.0,9,196372.0,1,32.0,90,0
393,LOAN00393,0,oot,49,649827.0,8,Married,Graduate,6,907126.0,Auto Loan,1935967.0,24,14.29,93216.0,Average,0,0.53,96.0,53.0,6,1131837.0,764536.0,0.57,3,1,0,0,0,103.0,2,886858.0,1,107.0,15,0
127,LOAN00127,1,oot,50,381911.0,10,Divorced,Graduate,5,665623.0,Business Loan,766544.0,24,15.52,37356.0,Good,0,0.24,11.0,28.0,3,858282.0,2128892.0,0.72,1,0,0,0,0,26.0,0,673910.0,6,175.0,15,0
466,LOAN00466,0,oot,61,2377323.0,24,Single,Graduate,2,157873.0,Home Loan,837182.0,24,17.46,41577.0,Poor,5,0.47,82.0,8.0,2,1656422.0,975729.0,0.34,4,1,1,1,1,147.0,2,227804.0,2,38.0,90,4
250,LOAN00250,0,oot,30,2249809.0,3,Divorced,Graduate,7,600838.0,Personal Loan,1107933.0,60,15.53,26666.0,Average,1,0.38,48.0,33.0,11,2395051.0,1760865.0,0.75,4,1,1,1,0,164.0,0,673078.0,2,136.0,60,1
310,LOAN00310,0,oot,59,2326768.0,5,Single,Graduate,18,731875.0,Auto Loan,1825028.0,72,13.31,36935.0,Good,3,0.59,4.0,70.0,5,2394424.0,1648934.0,0.49,1,0,0,0,3,68.0,4,821376.0,0,108.0,90,2
22,LOAN00022,0,oot,41,862723.0,23,Married,Postgraduate,8,415115.0,Auto Loan,1102480.0,36,12.45,36855.0,Average,0,0.95,53.0,69.0,10,466119.0,1070220.0,0.65,3,0,0,0,0,198.0,5,399454.0,0,97.0,15,0
391,LOAN00391,1,oot,29,2349235.0,9,Single,Postgraduate,17,517636.0,Education Loan,156552.0,36,16.44,5537.0,Good,1,0.03,61.0,31.0,9,351176.0,839219.0,0.71,4,0,0,0,0,216.0,7,495181.0,5,90.0,60,0
61,LOAN00061,0,oot,59,2302585.0,5,Married,High School,3,156890.0,Home Loan,1945341.0,60,16.5,47825.0,Average,2,0.0,55.0,61.0,10,1923118.0,2456259.1499999994,0.76,1,0,0,0,1,39.0,4,131702.0,3,79.0,60,1
4,LOAN00004,0,oot,30,1832462.0,2,Divorced,Postgraduate,19,751606.0,Home Loan,232758.0,36,9.7,7477.0,Good,3,0.56,43.0,88.0,8,2324053.0,1880721.0,0.9,2,0,0,0,2,139.0,5,761347.0,3,61.0,90,3
100,LOAN00100,0,oot,61,1870865.0,1,Single,Postgraduate,19,837458.0,Auto Loan,138186.0,60,11.84,3062.0,Average,2,0.42,81.0,99.20999999999998,4,1502390.0,1078874.0,0.84,1,2,1,1,1,214.0,3,921587.0,2,93.0,90,1
383,LOAN00383,0,oot,36,1785669.0,8,Single,High School,3,357822.0,Personal Loan,876122.0,12,14.89,79031.0,Good,2,0.67,61.0,29.0,10,965071.0,2089541.0,0.37,0,0,0,0,1,166.0,9,429558.0,1,19.0,60,2
185,LOAN00185,1,oot,57,1727567.0,24,Single,PhD,11,356234.0,Education Loan,743316.0,60,8.65,15304.0,Average,1,0.43,26.0,60.0,2,1930075.0,2140960.0,0.66,2,0,0,0,1,113.0,8,325632.0,2,25.0,90,1
234,LOAN00234,0,oot,54,1101484.0,12,Divorced,Graduate,19,678649.0,Auto Loan,1173606.0,36,8.76,37189.0,Poor,1,0.11,43.0,84.0,7,2164875.0,153859.0,0.34,1,0,0,0,1,133.0,8,761935.0,2,41.0,30,0
53,LOAN00053,1,oot,61,2224033.0,2,Single,Graduate,1,918904.0,Personal Loan,823448.0,48,10.19,20959.0,Poor,4,0.16,59.0,82.0,4,523246.0,645947.0,0.46,0,0,0,0,0,111.0,1,908527.0,7,114.0,60,3
411,LOAN00411,0,oot,47,1677962.0,27,Divorced,Graduate,6,114952.0,Auto Loan,1524413.0,12,11.72,135242.0,Good,1,0.65,83.0,8.0,1,1708019.0,1961096.0,0.24,4,0,0,0,1,139.0,9,199798.0,0,85.0,60,0
102,LOAN00102,1,oot,21,1295690.0,25,Married,Graduate,12,301264.0,Home Loan,659364.0,48,10.89,17006.0,Poor,3,0.01,13.0,75.0,1,1506718.0,1782870.0,0.22,2,0,0,0,0,64.0,9,375654.0,4,63.0,30,3
359,LOAN00359,0,oot,25,1329691.0,4,Married,High School,13,704200.0,Personal Loan,630874.0,36,9.37,20170.0,Good,0,0.96,8.0,14.0,3,2705688.0,206900.0,0.78,1,2,2,1,0,174.0,2,795726.0,2,49.0,60,0
420,LOAN00420,0,oot,51,1627042.0,19,Married,High School,6,704121.0,Home Loan,873071.0,48,7.84,21248.0,Good,3,0.81,15.0,76.0,7,1382743.0,2040481.0,0.93,1,0,0,0,0,176.0,2,777339.0,1,120.0,15,2
360,LOAN00360,0,oot,58,316845.0,2,Single,Postgraduate,5,905770.0,Education Loan,1090093.0,24,8.31,49456.0,Good,0,0.55,45.0,52.0,5,2069586.0,1939085.0,0.49,3,0,0,0,0,203.0,0,940723.0,3,55.0,30,0
179,LOAN00179,0,oot,31,993248.0,17,Married,Graduate,7,397103.0,Education Loan,1542020.0,36,7.0,47613.0,Good,2,0.75,18.0,74.0,8,2070991.0,940061.0,0.95,1,0,0,0,1,225.0,5,485243.0,3,147.0,60,1
483,LOAN00483,0,oot,53,390053.0,3,Married,High School,18,95954.0,Personal Loan,980404.0,48,9.41,24588.0,Poor,0,0.88,77.0,85.0,6,2586664.0,2407679.0,0.45,2,1,1,0,0,87.0,8,82486.0,3,84.0,30,0
472,LOAN00472,0,oot,25,1777139.0,8,Single,Graduate,12,704922.0,Auto Loan,214414.0,24,7.28,9627.0,Good,0,0.63,91.0,13.0,7,1636896.0,25416.1,0.14,1,0,0,0,0,164.0,1,689934.0,0,112.0,60,0
21,LOAN00021,0,oot,29,828048.0,26,Single,Postgraduate,15,195154.0,Education Loan,1806045.0,36,11.76,59779.0,Poor,4,0.16,65.0,5.0,2,2859915.0,1284005.0,0.14,3,0,0,0,0,108.0,7,211187.0,3,105.0,90,3
358,LOAN00358,0,oot,50,224807.9,8,Married,Postgraduate,6,58422.0,Personal Loan,820813.0,60,10.24,17536.0,Poor,3,0.57,70.0,85.0,10,2420553.0,719745.0,0.75,0,0,0,0,0,212.0,8,117398.0,1,24.0,60,3
79,LOAN00079,0,oot,57,2233338.0,12,Married,High School,3,669694.0,Education Loan,163417.0,24,15.34,7949.0,Good,0,0.6,75.0,74.0,9,2948358.5799999996,1711091.0,0.38,0,2,2,2,3,226.0,1,675648.0,2,149.0,60,0
186,LOAN00186,1,oot,62,698468.0,1,Divorced,High School,8,214758.0,Personal Loan,1731857.0,24,7.0,77539.0,Poor,2,0.72,30.0,22.0,10,2561929.0,2039925.0,0.58,1,2,2,2,0,22.0,7,234604.0,4,92.0,90,2
232,LOAN00232,0,oot,27,1089934.0,2,Single,Graduate,3,556896.0,Home Loan,1984707.9,60,13.16,45572.0,Good,2,0.24,71.0,77.0,5,915006.0,1218492.0,0.64,2,0,0,0,2,62.0,0,536613.0,3,118.0,90,2
17,LOAN00017,1,oot,23,618776.0,18,Married,Postgraduate,16,383186.0,Home Loan,1331142.0,12,11.13,117729.0,Good,2,0.08,98.0,93.0,1,1827944.0,1090604.0,0.62,3,1,1,1,1,66.0,7,467975.0,3,101.0,60,1
365,LOAN00365,1,oot,56,224807.9,4,Single,Graduate,11,428952.0,Personal Loan,830684.0,48,14.78,23026.0,Average,2,0.33,97.0,6.0,6,929371.0,210420.0,0.71,0,0,0,0,0,53.0,9,479261.0,5,105.0,15,2
281,LOAN00281,1,oot,60,2227078.0,7,Single,Postgraduate,3,485225.0,Home Loan,1543170.0,36,11.77,51085.0,Average,2,0.66,71.0,30.0,10,1096863.0,608778.0,0.68,4,1,1,0,0,159.0,7,478829.0,6,16.0,60,1
231,LOAN00231,0,oot,46,1671989.0,4,Divorced,Postgraduate,12,564731.0,Personal Loan,228048.0,24,13.67,10913.0,Poor,0,0.58,1.79,98.0,2,541628.0,714232.0,0.68,0,0,0,0,3,211.0,4,584516.0,1,162.0,0,0
248,LOAN00248,0,oot,52,1972381.0,16,Married,High School,18,443774.0,Personal Loan,1585836.0,24,14.73,76688.0,Poor,0,0.6,54.0,58.0,5,2716962.0,2242646.0,0.35,4,0,0,0,0,54.0,4,503752.0,0,17.0,30,0
450,LOAN00450,1,oot,28,1440795.0,25,Married,High School,1,551887.0,Home Loan,1969878.0,60,15.26,47132.0,Average,1,0.09,80.0,48.0,11,2948358.5799999996,1293101.0,0.09,2,0,0,0,2,144.0,5,591453.0,4,154.0,0,0
233,LOAN00233,0,oot,48,691637.0,18,Married,Postgraduate,11,497962.0,Home Loan,428493.0,24,7.0,19184.0,Average,0,0.97,36.0,78.0,2,1689435.0,495380.0,0.55,3,2,1,1,1,213.0,7,502206.0,2,80.0,90,0
75,LOAN00075,0,oot,52,892923.0,12,Married,Postgraduate,8,208630.0,Business Loan,575375.0,72,7.0,9809.0,Good,2,0.94,28.0,91.0,2,586651.0,538975.0,0.7,0,0,0,0,1,148.0,6,288976.0,1,34.0,90,1
302,LOAN00302,0,oot,25,627266.0,0,Divorced,Graduate,18,227350.0,Home Loan,1070796.0,48,12.95,28700.0,Poor,0,0.84,52.0,91.0,1,602083.0,2306631.0,0.53,3,1,0,0,1,154.0,6,249245.0,2,142.0,15,0
203,LOAN00203,1,oot,50,2417333.0,2,Single,Graduate,8,320449.0,Home Loan,1813574.0,60,10.5,38980.0,Poor,2,0.66,31.0,18.0,7,726738.0,2456259.1499999994,0.05,3,0,0,0,2,53.0,0,275064.0,6,115.0,0,2
88,LOAN00088,0,oot,58,946128.0,21,Married,Graduate,5,748772.0,Home Loan,470703.0,60,7.0,9320.0,Good,5,0.58,89.0,77.0,5,2064363.0,1409324.0,0.54,4,0,0,0,0,232.0,8,740506.0,0,14.0,0,4
373,LOAN00373,0,oot,31,1401860.0,27,Single,High School,1,173939.0,Auto Loan,1619006.0,36,13.38,54847.0,Good,3,0.05,52.0,2.0,10,2675690.0,1195880.0,0.2,1,0,0,0,0,48.0,8,236951.0,3,136.0,30,3
459,LOAN00459,0,oot,43,2157150.0,13,Single,Graduate,1,750642.0,Auto Loan,208525.0,48,8.84,5173.0,Good,0,0.46,52.0,28.0,1,356595.0,2219577.0,0.16,1,0,0,0,2,153.0,1,778651.0,3,168.0,15,0
353,LOAN00353,0,oot,48,2360619.0,28,Single,Postgraduate,4,510016.0,Education Loan,1421820.0,24,12.89,67522.0,Good,1,0.8,88.0,13.0,11,664374.0,1069376.0,0.02,3,0,0,0,0,16.0,3,469549.0,2,170.0,60,1
438,LOAN00438,0,oot,34,2204504.0,28,Divorced,PhD,7,91170.0,Personal Loan,1479605.0,12,10.76,130604.0,Good,1,0.44,48.0,44.0,11,886853.0,1212475.0,0.21,4,0,0,0,0,179.0,0,173784.0,3,39.0,90,1
493,LOAN00493,0,oot,25,260152.0,7,Married,Postgraduate,12,425584.0,Education Loan,1395525.0,36,12.09,46411.0,Good,2,0.08,69.0,34.0,4,474177.0,549295.0,0.41,4,0,0,0,0,19.0,8,476468.0,1,46.0,90,1
341,LOAN00341,0,oot,62,2041135.0,18,Single,High School,17,217812.0,Business Loan,551027.0,36,11.42,18149.0,Average,1,0.1,21.0,2.0,3,2514278.0,96152.0,0.65,3,1,0,0,0,184.0,5,168879.0,3,109.0,15,1
149,LOAN00149,0,oot,26,1980394.0,26,Divorced,Graduate,5,906520.0,Auto Loan,1355542.0,48,16.71,38911.0,Good,0,0.22,12.0,53.0,7,2195115.0,70208.0,0.38,0,1,0,0,0,133.0,5,945644.0,2,172.0,15,0
147,LOAN00147,1,oot,28,1779943.0,27,Single,Graduate,13,671987.0,Personal Loan,1086465.0,48,13.25,29282.0,Poor,0,0.62,26.0,81.0,3,1020723.0,222668.0,0.07,0,0,0,0,0,23.0,8,736529.0,4,26.0,90,0
296,LOAN00296,0,oot,24,1959784.0,27,Married,Graduate,2,60426.0,Business Loan,1391944.0,12,9.64,122141.0,Average,1,0.65,67.0,49.0,3,2161772.0,783992.0,0.96,0,1,0,0,0,178.0,8,134420.0,1,110.0,90,1
211,LOAN00211,0,oot,26,1809381.0,11,Married,High School,2,471876.0,Home Loan,226286.0,24,13.08,10766.0,Average,2,0.33,28.0,8.0,7,280020.0,1128320.0,0.7,0,0,0,0,1,63.0,9,439293.0,0,81.0,60,1
205,LOAN00205,0,oot,39,595013.0,1,Divorced,High School,16,50827.0,Education Loan,980016.0,24,11.83,46054.0,Good,4,0.96,40.0,56.0,8,1369057.0,1925443.0,0.38,1,0,0,0,0,200.0,4,35744.25,2,114.0,15,4
332,LOAN00332,0,oot,64,1413261.0,15,Married,Graduate,1,634811.0,Education Loan,766735.0,48,11.65,20059.0,Good,1,0.51,2.0,34.0,3,1123042.0,728226.0,0.3,2,0,0,0,0,73.0,4,634018.0,2,18.0,15,1
178,LOAN00178,1,oot,50,1275141.0,23,Married,High School,15,818356.0,Auto Loan,1387383.0,60,8.06,28170.0,Poor,1,0.9,41.0,31.0,3,1977085.0,2284038.0,0.05,3,0,0,0,2,26.0,8,773922.0,4,86.0,60,1
64,LOAN00064,1,oot,40,2261752.0,1,Single,Postgraduate,3,966521.0,Personal Loan,1104533.0,24,8.31,50111.0,Good,4,0.14,5.0,3.0,2,2948358.5799999996,2287417.0,0.13,1,2,2,1,0,232.41999999999996,2,933851.0,7,146.0,90,4
30,LOAN00030,1,oot,53,270376.0,8,Married,Postgraduate,9,535805.0,Home Loan,659614.0,48,8.52,16264.0,Poor,0,0.11,18.0,23.0,3,409309.0,2241675.0,0.02,1,0,0,0,1,151.0,5,532287.0,3,139.0,60,0
415,LOAN00415,1,oot,56,1936156.0,22,Married,Graduate,18,351227.0,Business Loan,484127.0,72,7.7,8417.0,Poor,0,0.2,80.0,15.0,8,891001.0,255337.0,0.76,3,1,1,1,0,22.0,9,347399.0,4,105.0,60,0
200,LOAN00200,1,oot,23,544931.0,15,Single,Graduate,8,715186.0,Personal Loan,1186533.0,60,15.18,28339.0,Good,2,0.59,8.0,62.0,8,776714.0,1473068.0,0.39,4,1,0,0,0,14.79,6,711892.0,2,159.0,90,1
283,LOAN00283,0,oot,27,1645162.0,21,Married,Postgraduate,17,43705.0,Home Loan,1981419.0,60,14.4,46516.0,Good,1,0.8,68.0,30.0,1,1857330.0,632140.0,0.72,3,1,0,0,3,205.0,9,103480.0,0,10.0,90,1
187,LOAN00187,1,oot,46,1826882.0,8,Single,Postgraduate,14,81166.0,Education Loan,375307.0,48,8.34,9222.0,Average,2,0.88,42.0,68.0,4,2948358.5799999996,1693219.0,0.5,4,0,0,0,0,57.0,0,65433.0,4,89.0,0,1
195,LOAN00195,0,oot,45,1500894.0,4,Married,Graduate,12,274488.0,Business Loan,1984707.9,12,13.66,169295.8999999999,Poor,3,0.91,4.0,17.0,1,992825.0,875019.0,0.58,1,2,1,0,0,136.0,8,264554.0,0,67.0,30,2
201,LOAN00201,1,oot,51,1062800.0,9,Married,Graduate,19,696731.0,Personal Loan,1312528.0,36,16.06,46183.0,Good,0,0.86,36.0,99.0,6,2404721.0,768842.0,0.57,0,2,2,1,2,150.0,6,779807.0,4,55.0,90,0
221,LOAN00221,0,oot,29,813058.0,20,Single,Graduate,14,546314.0,Home Loan,1828176.0,12,11.91,162354.0,Good,1,0.15,46.0,75.0,8,1788670.0,277480.0,0.09,1,0,0,0,2,142.0,1,521041.0,0,29.0,30,1
495,LOAN00495,0,oot,34,1312857.0,21,Married,Postgraduate,2,670743.0,Personal Loan,1401035.0,60,8.71,28886.0,Average,1,0.82,91.0,24.0,2,2253713.0,112046.0,0.14,2,1,0,0,2,54.0,5,688559.0,2,14.0,90,0
156,LOAN00156,0,oot,27,722046.0,18,Single,High School,7,577784.0,Business Loan,1919792.0,12,14.01,169295.8999999999,Good,0,0.97,86.0,44.0,4,2884904.0,1158313.0,0.6,0,0,0,0,0,138.0,0,577915.0,2,148.0,30,0
425,LOAN00425,0,oot,44,1214237.0,8,Married,Postgraduate,14,888626.0,Home Loan,1277210.0,36,11.32,42008.0,Good,3,0.64,62.0,76.0,11,2388869.0,1014950.0,0.52,4,0,0,0,0,178.0,9,953012.0,3,120.0,30,2
36,LOAN00036,0,oot,47,1911054.0,16,Married,Graduate,1,710758.0,Business Loan,1708222.0,24,11.75,80212.0,Average,0,0.85,84.0,65.0,8,477659.0,465957.0,0.68,1,0,0,0,0,185.0,1,767636.0,0,63.0,90,0
344,LOAN00344,1,oot,47,2166455.0,19,Married,Postgraduate,10,541414.0,Personal Loan,1397708.0,72,7.24,23990.0,Poor,1,0.28,37.0,57.0,5,2174109.0,1973097.0,0.76,0,1,1,1,2,36.0,4,614597.0,7,13.0,60,1
184,LOAN00184,0,oot,44,1286591.0,10,Married,PhD,1,201855.0,Home Loan,757193.0,24,9.29,34693.0,Good,5,0.24,52.0,6.0,8,450924.0,2410986.0,0.18,1,0,0,0,3,221.0,6,254221.0,2,161.0,15,4
183,LOAN00183,0,oot,28,2159885.0,3,Married,Postgraduate,13,616359.0,Personal Loan,657736.0,24,7.41,29570.0,Average,2,0.74,18.0,8.0,2,514087.0,253287.0,0.48,4,0,0,0,0,14.79,8,637478.0,3,98.0,15,1
122,LOAN00122,0,oot,60,2218164.0,19,Single,Graduate,9,86752.0,Business Loan,733026.0,24,13.44,35001.0,Good,0,0.3,61.0,70.0,2,1294048.0,47171.0,0.12,4,1,0,0,0,169.0,0,110445.0,3,66.0,30,0
299,LOAN00299,0,oot,46,1923460.0,16,Married,Postgraduate,16,146512.0,Personal Loan,1276521.0,24,9.02,58329.0,Average,1,0.79,64.0,17.0,7,1258304.0,1698702.0,0.49,2,0,0,0,1,232.41999999999996,4,119588.0,1,159.0,30,1
378,LOAN00378,1,oot,49,1824422.0,28,Married,Graduate,11,648828.0,Auto Loan,623269.0,12,9.57,54670.0,Average,5,0.25,25.0,52.0,10,1969334.0,1368707.0,0.85,0,1,0,0,1,192.0,3,671650.0,7,109.0,15,4
26,LOAN00026,0,oot,58,1922638.0,7,Married,High School,5,706002.0,Personal Loan,129172.0,48,10.22,3289.0,Poor,1,0.05,45.0,89.0,10,495645.0,547899.0,0.09,4,0,0,0,0,222.0,1,730282.0,1,137.0,60,1
412,LOAN00412,0,oot,49,1513523.0,23,Married,Postgraduate,6,604891.0,Auto Loan,1730405.0,12,12.31,153995.0,Good,0,0.34,62.0,77.0,3,2943127.0,1148134.0,0.4,3,0,0,0,2,153.0,6,641150.0,3,14.0,90,0
71,LOAN00071,1,oot,62,1186223.0,3,Divorced,Graduate,13,109532.0,Education Loan,343677.0,36,7.43,10679.0,Poor,0,0.15,54.0,65.0,10,2808717.0,2372074.0,0.62,3,0,0,0,2,99.0,5,109418.0,2,89.0,0,0
13,LOAN00013,0,oot,50,428317.0,15,Single,Graduate,3,660855.0,Home Loan,892781.0,60,12.17,19936.0,Average,3,0.53,49.0,72.0,5,2796319.0,1770074.0,0.61,4,0,0,0,0,108.0,1,634930.0,2,64.0,15,3
169,LOAN00169,1,oot,32,2252466.0,1,Divorced,High School,16,43783.0,Auto Loan,825994.0,24,11.52,38697.0,Good,0,0.39,54.0,61.0,11,1341527.0,665634.0,0.37,4,0,0,0,2,101.0,3,55764.0,2,27.0,30,0
490,LOAN00490,0,oot,47,385297.0,11,Single,High School,9,612675.0,Business Loan,554950.0,36,11.49,18297.0,Average,0,0.37,35.0,54.0,11,2781947.0,2312618.0,0.12,2,2,2,2,0,63.0,6,616660.0,1,86.0,90,0
152,LOAN00152,0,oot,42,1185931.0,3,Divorced,Postgraduate,15,652685.0,Personal Loan,1428617.0,36,11.53,47130.0,Good,0,0.55,76.0,57.0,4,650908.0,2146724.0,0.8,3,0,0,0,0,102.0,0,643018.0,2,42.0,90,0
424,LOAN00424,0,oot,50,1734671.0,13,Married,Graduate,8,985675.0,Education Loan,81034.0,24,10.24,3748.0,Average,0,0.46,60.0,31.0,7,1972708.0,395505.0,0.84,2,0,0,0,0,77.0,8,1037865.0,1,85.0,30,0
264,LOAN00264,0,oot,48,2362129.0,24,Married,Postgraduate,9,587043.0,Business Loan,1389092.0,72,12.7,27665.0,Good,1,0.76,44.0,34.0,11,2496391.0,1910361.0,0.77,1,0,0,0,0,196.0,0,573887.0,2,24.0,15,1
197,LOAN00197,0,oot,60,2179383.0,9,Single,Postgraduate,12,552006.0,Personal Loan,267684.0,60,11.21,5848.0,Poor,0,0.2,6.0,97.0,9,2373737.0,525571.0,0.91,0,0,0,0,1,232.41999999999996,5,579552.0,2,113.0,30,0
96,LOAN00096,1,oot,35,1205857.0,2,Single,High School,5,876982.0,Business Loan,1708659.0,48,8.39,42026.0,Good,5,0.69,20.0,14.0,11,643230.0,1027688.0,0.84,1,0,0,0,2,74.0,0,879250.0,4,81.0,90,5
323,LOAN00323,1,oot,40,1232675.0,3,Married,Graduate,4,634994.0,Auto Loan,197872.0,48,13.83,5390.0,Good,0,0.16,57.0,91.0,3,1818956.0,890228.0,0.87,0,0,0,0,0,131.0,8,587782.0,4,15.0,90,0
276,LOAN00276,1,oot,62,1352985.0,22,Single,High School,15,986840.5099999999,Personal Loan,790489.0,12,8.71,69023.0,Good,2,0.23,42.0,52.0,5,251825.0,514044.0,0.21,1,0,0,0,0,44.0,9,1013855.0,4,20.0,15,2
14,LOAN00014,0,oot,59,1837904.0,19,Single,High School,14,56795.0,Auto Loan,733266.0,36,10.38,23791.0,Good,1,0.68,79.0,29.0,9,1436393.0,1648356.0,0.82,1,0,0,0,0,193.0,0,85959.0,0,13.0,0,1
265,LOAN00265,0,oot,38,671091.0,29,Single,Graduate,3,780863.0,Home Loan,1955198.0,24,11.09,91209.0,Poor,2,0.51,54.0,16.0,11,691713.0,1421352.0,0.35,0,1,1,0,2,113.0,6,819404.0,2,136.0,30,1
339,LOAN00339,1,oot,36,1444319.0,2,Single,Postgraduate,11,464680.0,Personal Loan,244645.0,24,8.57,11128.0,Average,0,0.92,19.0,25.0,4,113379.0,2318187.0,0.35,2,0,0,0,2,41.0,4,512022.0,2,89.0,60,0
207,LOAN00207,0,oot,22,1574697.0,6,Married,Postgraduate,17,430347.0,Business Loan,447741.0,48,7.0,10721.0,Good,1,0.52,50.0,50.0,10,2684960.0,561230.0,0.52,4,0,0,0,0,43.0,1,504166.0,0,31.0,30,1
249,LOAN00249,0,oot,26,1047814.0,6,Single,PhD,12,721861.0,Home Loan,1823460.0,60,10.85,39510.0,Poor,0,0.29,55.0,83.0,11,2754171.0,157945.0,0.56,1,0,0,0,0,179.0,5,799190.0,1,97.0,15,0
157,LOAN00157,0,oot,44,289139.0,9,Married,High School,7,804420.0,Auto Loan,680049.0,36,12.39,22714.0,Average,0,0.5,26.0,11.0,2,254087.0,288150.0,0.5,3,2,1,1,3,14.79,2,821783.0,3,96.0,90,0
155,LOAN00155,1,oot,21,1629063.0,5,Divorced,Postgraduate,15,134560.0,Auto Loan,1648965.0,60,14.25,38582.0,Poor,3,0.77,74.0,11.0,6,1439317.0,275627.0,0.65,0,0,0,0,0,14.79,2,93160.0,6,115.0,60,3
